;;A;A_I;A;A_I;A;A_I;;A;A_I;;A;A_I;A;A_I;A;A_I;A;A_I;A;A_I;A;A_I;;A;A_I;A;A_I;A;A_I;A;A_I;A;A_I;A;A_I;A;A_I;A;A_I;;A;A_I;A;A_I;A;A_I;A;A_I;A;A_I;A;A_I;A;A_I;A;A_I;A;A_I;A;A_I;;D;D;D;D;D;D;D;D;D;D;D;D;D;D;D;D;D;D;D;D;X;;;
;;Antecedent attributes;;;;;;;;;;;;;;;;;;;;;;;;;;;;;;;;;;;;;;;;;;;;;;;;;;;;;;;;;;;;;Consequent attribute (Hyperparameter Optimization Method);;;;;;;;;;;;;;;;;;;;;;;
;;User specific;;;;;;;Production;;;Running Time;;;;;;;;;;;;;Machine Learning Algorithm;;;;;;;;;;;;;;;;;;;Machine Learning Task;;;;;;;;;;;;;;;;;;;;Model-free, Full evaluation;;;;;;Model-based, Full evaluation;;;;;;Model-free, Multi-fidelity;;;Model-based, Multi-fidelity;;;;;total n of HPO techniques analyzed;;
Rule ID;;UR: quality demands;1;User's programming ability;1;Access to parallel computing;1;;Production use case;1;;Time Resources;1;Number of maximum function evaluations/ trials budget;1;Wall Clock Time [s];1;Running time per trial [s];1;Number of kernels used;1;Total Computing Time [s];1;;Machine Learning Algorithm;1;Obtainability of good approximate;1;Supports parallel evaluations;1;Usage of one-hot encoding for cat. features;1;Dimensionality of HPs;1;Conditional HP space;1;HP datatypes;1;Obtainability of gradients;1;;Input Data;1;Dataset (name);1;#Instances training dataset;1;Ratio training to test dataset;1;Dataset balance;1;Ratio positive to negative targets;1;Noise in dataset;1;Training Technique;1;ML Task;1;Detailed ML task;1;Rule ID;Default Values;Random Search;Grid Search;CMA-ES (Pop-based);PBT;Population based;Gradient based;SMAC;TPE;BO-Gaussian Processes;BO-MTBO;BO-BOHAMIANN;BO - DNGO;SHA;HB-Hyperband;ASHA;BO-Fabolas;BOHB;HB-LCNet;Approximation based;;20;;
;;0,0667;15;0,0455;22;0,0185;54;;0,0196;51;;0,0625;16;0,0145;69;0,0175;57;0,0313;32;0,0119;84;0,0100;100;;0,0093;108;0,0500;20;0,0294;34;0,0303;33;0,0084;119;0,0087;115;0,0083;121;0,2000;5;;;96;0,0093;108;0,0128;78;0,0132;76;0,0625;16;0,0714;14;0,1000;10;0,0093;108;0,0094;106;0,0114;88;;8,00;4,96;0,80;4,63;3,33;4,63;1,63;22,71;16,63;20,50;2,08;9,05;3,05;2,16;7,61;4,16;3,25;15,36;2,29;2,13;;;;
1;;low;0,06667;;;;;;Predictive Quality;0,01961;;;;;;;;;;;;;;;;;;;yes;0,02941;;;;;;;;;;;;;;;;;;;;;;;;;;;;;;;;1;1,00000;;;;;;;;;;;;;;;;;;;;;;Hanno Generic;
2;;high;0,06667;;;;;;Predictive Quality;0,01961;;large;0,06250;;;;;;;;;>86400;0,01000;;;;;;;;;;;;;;;;;;;;;;;;;;;;;;;;;;;;;;;2;;1,00000;;;;;;;;;;;;;;;;;;;;;;
3;;high;0,06667;high;0,04545;;;;Predictive Quality;0,01961;;low;0,06250;;;;;;;;;<86400;0,01000;;;;;;;;;;;;;;;;;;;;;;;;;;;;;;;;;;;;;;;3;;;;;;;1,00000;;;;;;;;;;;;;;;;;
4;;high;0,06667;high;0,04545;;;;Predictive Quality;0,01961;;low;0,06250;;;;;;;;;<86400;0,01000;;;;yes;0,05000;;;;;;;;;;;;;;;;;;;;;;;;;;;;;;;;;;4;;;;;;;;;;;;;;;;;;;;1,00000;;;;
5;;high;0,06667;medium;0,04545;;;;Predictive Quality;0,01961;;low;0,06250;>100;0,01449;;;;;;;<86400;0,01000;;;;;;no;0,02941;;;;;;;[continuous];0,00826;;;;;;;;;;;;;;;;;;;;;;;;5;;;;;;1,00000;;;;;;;;;;;;;;;;;;
6;;high;0,06667;medium;0,04545;;;;Predictive Quality;0,01961;;low;0,06250;>100;0,01449;;;;;;;<86400;0,01000;;;;;;no;0,02941;;;;;;;[discrete, ordinal, nominal];0,00826;;;;;;;;;;;;;;;;;;;;;;;;6;;;;;;;;0,50000;0,50000;;;;;;;;;;;;;;;
7;;high;0,06667;medium;0,04545;;;;Predictive Quality;0,01961;;low;0,06250;<100;0,01449;;;;;;;<86400;0,01000;;;;;;no;0,02941;;;;;;;;;;;;;;;;;;;;;;;;;;;;;;;;7;;;;;;;;0,50000;0,50000;;;;;;;;;;;;;;;
8;;high;0,06667;medium;0,04545;;;;Predictive Quality;0,01961;;low;0,06250;;;;;;;;;<86400;0,01000;;;;;;yes;0,02941;;;>10;0,00840;;;[discrete, ordinal, nominal];0,00826;;;;;;;;;;;;;;;;;;;;;;;;8;;;;;;;;0,50000;0,50000;;;;;;;;;;;;;;;
9;;high;0,06667;medium;0,04545;;;;Predictive Quality;0,01961;;low;0,06250;;;;;;;;;<86400;0,01000;;;;;;yes;0,02941;;;[1, 2, 3, 4, 5, 6, 7, 8, 9, 10];0,00840;;;[continuous];0,00826;;;;;;;;;;;;;;;;;;;;;;;;9;;;;;;;;;;1,00000;;;;;;;;;;;;;;
10;;high;0,06667;high;0,04545;;;;Predictive Quality;0,01961;;low;0,06250;>100;0,01449;;;;;;;<86400;0,01000;;;;no;0,05000;no;0,02941;;;;;;;[continuous];0,00826;no;0,20000;;;;;;;;;;;;;;;;;;;;;;10;;;;;;1,00000;;;;;;;;;;;;;;;;;;
11;;high;0,06667;high;0,04545;;;;Predictive Quality;0,01961;;low;0,06250;>100;0,01449;;;;;;;<86400;0,01000;;;;no;0,05000;no;0,02941;;;;;;;[discrete, ordinal, nominal];0,00826;no;0,20000;;;;;;;;;;;;;;;;;;;;;;11;;;;;;;;0,50000;0,50000;;;;;;;;;;;;;;;
12;;high;0,06667;high;0,04545;;;;Predictive Quality;0,01961;;low;0,06250;<100;0,01449;;;;;;;<86400;0,01000;;;;no;0,05000;no;0,02941;;;;;;;;;no;0,20000;;;;;;;;;;;;;;;;;;;;;;12;;;;;;;;0,50000;0,50000;;;;;;;;;;;;;;;
13;;high;0,06667;high;0,04545;;;;Predictive Quality;0,01961;;low;0,06250;;;;;;;;;<86400;0,01000;;;;no;0,05000;yes;0,02941;;;>10;0,00840;;;[discrete, ordinal, nominal];0,00826;no;0,20000;;;;;;;;;;;;;;;;;;;;;;13;;;;;;;;0,50000;0,50000;;;;;;;;;;;;;;;
14;;high;0,06667;high;0,04545;;;;Predictive Quality;0,01961;;low;0,06250;;;;;;;;;<86400;0,01000;;;;no;0,05000;yes;0,02941;;;[1, 2, 3, 4, 5, 6, 7, 8, 9, 10];0,00840;;;[continuous];0,00826;no;0,20000;;;;;;;;;;;;;;;;;;;;;;14;;;;;;;;;;1,00000;;;;;;;;;;;;;;
15;;;;;;yes;0,01852;;Predictive Quality;0,01961;;;;<150;0,01449;<12,5;0,01754;;;8;0,01190;<100;0,01000;;Random Forest;0,00926;yes;0,05000;yes;0,02941;;;[4, 5, 6, 7, 8, 9, 10];0,00840;no;0,00870;[continuous];0,00826;;;;Tabular Data;0,01042;APS Failure at Scania Trucks;0,00926;1000:100000;0,01282;1:4;0,01316;imbalanced;0,06250;0,016949;0,07143;;;Offline;0,00926;Binary Classification;0,00943;Prediction of Part Failure;0,01136;15;1,00000;;;;;;;;;;;;;;;;;;;;;;Hanno Experiment;
16;;;;;;yes;0,01852;;Predictive Quality;0,01961;;;;<150;0,01449;12,5:500;0,01754;;;8;0,01190;100:4000;0,01000;;Random Forest;0,00926;yes;0,05000;yes;0,02941;;;[4, 5, 6, 7, 8, 9, 10];0,00840;no;0,00870;[continuous];0,00826;;;;Tabular Data;0,01042;APS Failure at Scania Trucks;0,00926;1000:100000;0,01282;1:4;0,01316;imbalanced;0,06250;0,016949;0,07143;;;Offline;0,00926;Binary Classification;0,00943;Prediction of Part Failure;0,01136;16;;0,05263;0,05263;0,05263;0,05263;0,05263;0,05263;0,05263;0,05263;0,05263;0,05263;0,05263;0,05263;0,05263;0,05263;0,05263;0,05263;0,05263;0,05263;0,05263;;;;
17;;;;;;no;0,01852;;Predictive Quality;0,01961;;;;<150;0,01449;<100;0,01754;;;1;0,01190;<100;0,01000;;Random Forest;0,00926;yes;0,05000;yes;0,02941;;;[4, 5, 6, 7, 8, 9, 10];0,00840;no;0,00870;[continuous];0,00826;;;;Tabular Data;0,01042;APS Failure at Scania Trucks;0,00926;1000:100000;0,01282;1:4;0,01316;imbalanced;0,06250;0,016949;0,07143;;;Offline;0,00926;Binary Classification;0,00943;Prediction of Part Failure;0,01136;17;1,00000;;;;;;;;;;;;;;;;;;;;;;;
18;;;;;;no;0,01852;;Predictive Quality;0,01961;;;;<150;0,01449;100:4000;0,01754;;;1;0,01190;100:4000;0,01000;;Random Forest;0,00926;yes;0,05000;yes;0,02941;;;[4, 5, 6, 7, 8, 9, 10];0,00840;no;0,00870;[continuous];0,00826;;;;Tabular Data;0,01042;APS Failure at Scania Trucks;0,00926;1000:100000;0,01282;1:4;0,01316;imbalanced;0,06250;0,016949;0,07143;;;Offline;0,00926;Binary Classification;0,00943;Prediction of Part Failure;0,01136;18;;0,05263;0,05263;0,05263;0,05263;0,05263;0,05263;0,05263;0,05263;0,05263;0,05263;0,05263;0,05263;0,05263;0,05263;0,05263;0,05263;0,05263;0,05263;0,05263;;;;
19;;;;;;yes;0,01852;;Predictive Quality;0,01961;;;;<150;0,01449;;;;;8;0,01190;<100;0,01000;;Decision Tree;0,00926;yes;0,05000;yes;0,02941;;;[1, 2, 3];0,00840;no;0,00870;[continuous];0,00826;;;;Tabular Data;0,01042;APS Failure at Scania Trucks;0,00926;1000:100000;0,01282;1:4;0,01316;imbalanced;0,06250;0,016949;0,07143;;;Offline;0,00926;Binary Classification;0,00943;Prediction of Part Failure;0,01136;19;;;;1,00000;;;;;;;;;;;;;;;;;;;;
20;;;;;;no;0,01852;;Predictive Quality;0,01961;;;;<150;0,01449;;;;;1;0,01190;<100;0,01000;;Decision Tree;0,00926;yes;0,05000;yes;0,02941;;;[1, 2, 3];0,00840;no;0,00870;[continuous];0,00826;;;;Tabular Data;0,01042;APS Failure at Scania Trucks;0,00926;1000:100000;0,01282;1:4;0,01316;imbalanced;0,06250;0,016949;0,07143;;;Offline;0,00926;Binary Classification;0,00943;Prediction of Part Failure;0,01136;20;;;;1,00000;;;;;;;;;;;;;;;;;;;;
21;;;;;;yes;0,01852;;Predictive Quality;0,01961;;;;<150;0,01449;<1000;0,01754;;;8;0,01190;<500;0,01000;;Support Vector Machine;0,00926;no;0,05000;yes;0,02941;;;[4, 5, 6, 7, 8, 9, 10];0,00840;yes;0,00870;[continuous, nominal];0,00826;;;;Tabular Data;0,01042;APS Failure at Scania Trucks;0,00926;1000:100000;0,01282;1:4;0,01316;imbalanced;0,06250;0,016949;0,07143;;;Offline;0,00926;Binary Classification;0,00943;Prediction of Part Failure;0,01136;21;;;;;;;;;;;;;;;0,50000;;;0,50000;;;;;;
22;;;;;;yes;0,01852;;Predictive Quality;0,01961;;;;<150;0,01449;>1000;0,01754;;;8;0,01190;>500;0,01000;;Support Vector Machine;0,00926;no;0,05000;yes;0,02941;;;[4, 5, 6, 7, 8, 9, 10];0,00840;yes;0,00870;[continuous, nominal];0,00826;;;;Tabular Data;0,01042;APS Failure at Scania Trucks;0,00926;1000:100000;0,01282;1:4;0,01316;imbalanced;0,06250;0,016949;0,07143;;;Offline;0,00926;Binary Classification;0,00943;Prediction of Part Failure;0,01136;22;;0,05263;0,05263;0,05263;0,05263;0,05263;0,05263;0,05263;0,05263;0,05263;0,05263;0,05263;0,05263;0,05263;0,05263;0,05263;0,05263;0,05263;0,05263;0,05263;;;;
23;;;;;;yes;0,01852;;Predictive Quality;0,01961;;;;<600;0,01449;;;;;8;0,01190;<6000;0,01000;;XGBoost;0,00926;yes;0,05000;yes;0,02941;;;[4, 5, 6, 7, 8, 9, 10];0,00840;yes;0,00870;[continuous, discrete, nominal];0,00826;;;;Tabular Data;0,01042;Sensor System Production;0,00926;<1000;0,01282;;;imbalanced;0,06250;;;;;Offline;0,00926;Binary Classification;0,00943;Prediction of Part Failure;0,01136;23;;;;;;;;;;;;;;;0,50000;;;0,50000;;;;;;
24;;;;;;yes;0,01852;;Predictive Quality;0,01961;;;;<600;0,01449;;;;;8;0,01190;<7000;0,01000;;Random Forest;0,00926;yes;0,05000;yes;0,02941;;;[4, 5, 6, 7, 8, 9, 10];0,00840;no;0,00870;[continuous];0,00826;;;;Tabular Data;0,01042;Sensor System Production;0,00926;<1000;0,01282;;;imbalanced;0,06250;;;;;Offline;0,00926;Binary Classification;0,00943;Prediction of Part Failure;0,01136;24;;;;;;;;;;;;;;;0,50000;;;0,50000;;;;;;
25;;;;low;0,04545;;;;Predictive Maintenance;0,01961;;;;;;;;;;;;;;;;;;;;;;;;;;;;;;;;;;;;;;;;;;;;;;;;;;;;25;;1,00000;;;;;;;;;;;;;;;;;;;;;Lucas Generic;
26;;;;medium:high;0,04545;;;;Predictive Maintenance;0,01961;;;;;;;;<10;0,03125;;;;;;;;;;;;;;;;;;;;;;;;;;;;;;;;;;;;;;;;;;;26;;0,50000;;;;0,50000;;;;;;;;;;;;;;;;;;
27;;;;medium:high;0,04545;;;;Predictive Maintenance;0,01961;;;;;;;;>100;0,03125;;;;;;;;;;;;;;;;;;;;;;;;;;;;;;;;;;;;;;;;;;;27;;;;;;;;;;;;;;;;;;0,50000;;0,50000;;;;
28;;;;medium:high;0,04545;yes;0,01852;;Predictive Maintenance;0,01961;;;;;;;;10:100;0,03125;;;;;;;;;;;;;;;;;;;;;;;;;;;;;;;;;;;;;;;;;;;28;;;;;;1,00000;;;;;;;;;;;;;;;;;;
29;;;;medium:high;0,04545;no;0,01852;;Predictive Maintenance;0,01961;;;;>200;0,01449;;;10:100;0,03125;;;;;;;;;;;;;;;;;;;;;;;;;;;;;;;;;;;;;;;;;;;29;;0,50000;;;;0,50000;;;;;;;;;;;;;;;;;;
30;;;;medium:high;0,04545;no;0,01852;;Predictive Maintenance;0,01961;;;;<200;0,01449;;;10:100;0,03125;;;;;;;;;;;;;;>10;0,00840;yes;0,00870;;;;;;;;;;;;;;;;;;;;;;;;;;30;;;;;;;;;1,00000;;;;;;;;;;;;;;;
31;;;;medium:high;0,04545;no;0,01852;;Predictive Maintenance;0,01961;;;;<200;0,01449;;;10:100;0,03125;;;;;;;;;;;;;;>10;0,00840;no;0,00870;;;;;;;;;;;;;;;;;;;;;;;;;;31;;;;;;;;1,00000;;;;;;;;;;;;;;;;
32;;;;medium:high;0,04545;no;0,01852;;Predictive Maintenance;0,01961;;;;<200;0,01449;;;10:100;0,03125;;;;;;;;;;;;;;[1, 2, 3, 4, 5, 6, 7, 8, 9, 10];0,00840;;;[continuous];0,00826;;;;;;;;;;;;;;;;;;;;;;;;32;;;;;;;;;;1,00000;;;;;;;;;;;;;;
33;;;;medium:high;0,04545;no;0,01852;;Predictive Maintenance;0,01961;;;;<200;0,01449;;;10:100;0,03125;;;;;;;;;;;;;;[1, 2, 3, 4, 5, 6, 7, 8, 9, 10];0,00840;no;0,00870;[continuous, discrete, ordinal, nominal];0,00826;;;;;;;;;;;;;;;;;;;;;;;;33;;;;;;;;1,00000;;;;;;;;;;;;;;;;
34;;;;medium:high;0,04545;no;0,01852;;Predictive Maintenance;0,01961;;;;<200;0,01449;;;10:100;0,03125;;;;;;;;;;;;;;[1, 2, 3, 4, 5, 6, 7, 8, 9, 10];0,00840;yes;0,00870;;;;;;;;;;;;;;;;;;;;;;;;;;34;;;;;;;;;1,00000;;;;;;;;;;;;;;;
35;;;;;;no;0,01852;;Predictive Maintenance;0,01961;;;;;;<40;0,01754;;;1;0,01190;<40;0,01000;;Random Forest;;;;;;;;[4, 5, 6, 7, 8, 9, 10];0,00840;no;0,00870;[discrete, nominal];0,00826;;;;Tabular Data;0,01042;APS Failure at Scania Trucks;0,00926;1000:100000;0,01282;1:4;0,01316;imbalanced;0,06250;0,016949;0,07143;;;Offline;;Binary Classification;0,00943;Prediction of Part Failure;;35;1,00000;;;;;;;;;;;;;;;;;;;;;;Lucas Experiment;
36;;;;;;no;0,01852;;Predictive Maintenance;0,01961;;;;;;40:700;0,01754;;;1;0,01190;40:700;0,01000;;Random Forest;;;;;;;;[4, 5, 6, 7, 8, 9, 10];0,00840;no;0,00870;[discrete, nominal];0,00826;;;;Tabular Data;0,01042;APS Failure at Scania Trucks;0,00926;1000:100000;0,01282;1:4;0,01316;imbalanced;0,06250;0,016949;0,07143;;;Offline;;Binary Classification;0,00943;Prediction of Part Failure;;36;;0,25000;;;;;;0,25000;0,25000;0,25000;;;;;;;;;;;;;;
37;;;;;;no;0,01852;;Predictive Maintenance;0,01961;;;;;;700:2000;0,01754;;;1;0,01190;700:2000;0,01000;;Random Forest;;;;;;;;[4, 5, 6, 7, 8, 9, 10];0,00840;no;0,00870;[discrete, nominal];0,00826;;;;Tabular Data;0,01042;APS Failure at Scania Trucks;0,00926;1000:100000;0,01282;1:4;0,01316;imbalanced;0,06250;0,016949;0,07143;;;Offline;;Binary Classification;0,00943;Prediction of Part Failure;;37;;;;;;;;1,00000;;;;;;;;;;;;;;;;
38;;;;;;no;0,01852;;Predictive Maintenance;0,01961;;;;;;<1000;0,01754;;;1;0,01190;<1000;0,01000;;Support Vector Machine;;;;;;;;[4, 5, 6, 7, 8, 9, 10];0,00840;no;0,00870;[continuous, nominal];0,00826;;;;Tabular Data;0,01042;APS Failure at Scania Trucks;0,00926;1000:100000;0,01282;1:4;0,01316;imbalanced;0,06250;0,016949;0,07143;;;Offline;;Binary Classification;0,00943;Prediction of Part Failure;;38;1,00000;;;;;;;;;;;;;;;;;;;;;;;
39;;;;;;no;0,01852;;Predictive Maintenance;0,01961;;;;;;1000:10000;0,01754;;;1;0,01190;1000:10000;0,01000;;Support Vector Machine;;;;;;;;[4, 5, 6, 7, 8, 9, 10];0,00840;no;0,00870;[continuous, nominal];0,00826;;;;Tabular Data;0,01042;APS Failure at Scania Trucks;0,00926;1000:100000;0,01282;1:4;0,01316;imbalanced;0,06250;0,016949;0,07143;;;Offline;;Binary Classification;0,00943;Prediction of Part Failure;;39;;;;;;;;;;;;;;;;;;;;;;;;
40;;;;;;no;0,01852;;Predictive Maintenance;0,01961;;;;;;10000:70000;0,01754;;;1;0,01190;10000:70000;0,01000;;Support Vector Machine;;;;;;;;[4, 5, 6, 7, 8, 9, 10];0,00840;no;0,00870;[continuous, nominal];0,00826;;;;Tabular Data;0,01042;APS Failure at Scania Trucks;0,00926;1000:100000;0,01282;1:4;0,01316;imbalanced;0,06250;0,016949;0,07143;;;Offline;;Binary Classification;0,00943;Prediction of Part Failure;;40;;;;;;;;;0,50000;0,50000;;;;;;;;;;;;;;
41;;;;;;no;0,01852;;Predictive Maintenance;0,01961;;;;;;<50;0,01754;;;1;0,01190;<50;0,01000;;Multilayer Perceptron;;;;;;;;[4, 5, 6, 7, 8, 9, 10];0,00840;no;0,00870;[continuous, discrete, nominal];0,00826;;;;Tabular Data;0,01042;Turbofan;0,00926;1000:100000;0,01282;1:4;0,01316;;;;;;;Offline;;Regression;0,00943;Prediction of Remaining Useful Lifetime;;41;1,00000;;;;;;;;;;;;;;;;;;;;;;;
42;;;;;;no;0,01852;;Predictive Maintenance;0,01961;;;;;;50:2000;0,01754;;;1;0,01190;50:2000;0,01000;;Multilayer Perceptron;;;;;;;;[4, 5, 6, 7, 8, 9, 10];0,00840;no;0,00870;[continuous, discrete, nominal];0,00826;;;;Tabular Data;0,01042;Turbofan;0,00926;1000:100000;0,01282;1:4;0,01316;;;;;;;Offline;;Regression;0,00943;Prediction of Remaining Useful Lifetime;;42;;0,25000;;;;;;0,25000;0,25000;0,25000;;;;;;;;;;;;;;
43;;;;;;no;0,01852;;Predictive Maintenance;0,01961;;;;;;<100;0,01754;;;1;0,01190;<100;0,01000;;Support Vector Machine;;;;;;;;[1, 2, 3];0,00840;no;0,00870;[continuous];0,00826;;;;Tabular Data;0,01042;Turbofan;0,00926;1000:100000;0,01282;1:4;0,01316;;;;;;;Offline;;Regression;0,00943;Prediction of Remaining Useful Lifetime;;43;1,00000;;;;;;;;;;;;;;;;;;;;;;;
44;;;;;;no;0,01852;;Predictive Maintenance;0,01961;;;;;;100:10000;0,01754;;;1;0,01190;100:10000;0,01000;;Support Vector Machine;;;;;;;;[1, 2, 3];0,00840;no;0,00870;[continuous];0,00826;;;;Tabular Data;0,01042;Turbofan;0,00926;1000:100000;0,01282;1:4;0,01316;;;;;;;Offline;;Regression;0,00943;Prediction of Remaining Useful Lifetime;;44;;;;;;;;;1,00000;;;;;;;;;;;;;;;
45;;high;0,06667;;;;;;;;;;;;;;;;;;;;;;;;;;;;;;;;;;;;;;;;;;;;;;;;;;;;;;;;;;;45;;;;;;;;0,25000;0,25000;0,25000;;;;;;;;0,25000;;;;;Flo Generic;
46;;;;;;;;;;;;;;;;;;;;;;;;;;;;;;;;;>10;0,00840;;;;;;;;;;;;;;;;;;;;;;;;;;;;46;;;;;;;;0,25000;0,25000;;;;;;0,25000;;;0,25000;;;;;;
47;;;;;;;;;;;;;;;;;;;;;;;;;;;;;;;;;;;yes;0,00870;[continuous, discrete, ordinal, nominal];0,00826;;;;;;;;;;;;;;;;;;;;;;;;47;;0,16667;0,16667;;;;;0,16667;0,16667;;;;;;0,16667;;;0,16667;;;;;;
48;;;;;;;;;;;;low;0,06250;;;;;;;;;<86400;0,01000;;;;;;;;;;;;;;;;;;;;;;;;;;;;;;;;;;;;;;;48;;0,33333;;;;;;;;;;;;;0,33333;;;0,33333;;;;;;
49;;;;;;;;;Process Parameter Prediction;0,01961;;;;;;<200;0,01754;;;1;0,01190;<200;0,01000;;XGBoost;0,00926;;;;;no categorical features;0,03030;[4, 5, 6, 7, 8, 9, 10];0,00840;no;0,00870;[continuous, discrete];0,00826;;;;Tabular Data;0,01042;Blisk Milling (Florian Schlaich);0,00926;>100000;0,01282;1:4;0,01316;;;;;;;Offline;0,00926;Regression;0,00943;Time Series Prediction;0,01136;49;1,00000;;;;;;;;;;;;;;;;;;;;;;Flo Experiment;
50;;;;;;;;;Process Parameter Prediction;0,01961;;;;;;200:2000;0,01754;;;1;0,01190;200:2000;0,01000;;XGBoost;0,00926;;;;;no categorical features;0,03030;[4, 5, 6, 7, 8, 9, 10];0,00840;no;0,00870;[continuous, discrete];0,00826;;;;Tabular Data;0,01042;Blisk Milling (Florian Schlaich);0,00926;>100000;0,01282;1:4;0,01316;;;;;;;Offline;0,00926;Regression;0,00943;Time Series Prediction;0,01136;50;;0,33333;;;;;;0,33333;0,33333;;;;;;;;;;;;;;;
51;;;;;;;;;Process Parameter Prediction;0,01961;;;;;;>2000;0,01754;;;1;0,01190;>2000;0,01000;;XGBoost;0,00926;;;;;no categorical features;0,03030;[4, 5, 6, 7, 8, 9, 10];0,00840;no;0,00870;[continuous, discrete];0,00826;;;;Tabular Data;0,01042;Blisk Milling (Florian Schlaich);0,00926;>100000;0,01282;1:4;0,01316;;;;;;;Offline;0,00926;Regression;0,00943;Time Series Prediction;0,01136;51;;0,05263;0,05263;0,05263;0,05263;0,05263;0,05263;0,05263;0,05263;0,05263;0,05263;0,05263;0,05263;0,05263;0,05263;0,05263;0,05263;0,05263;0,05263;0,05263;;all;;
52;;;;;;;;;Process Parameter Prediction;0,01961;;;;;;<2000;0,01754;;;1;0,01190;<2000;0,01000;;Random Forest;0,00926;;;;;no categorical features;0,03030;[4, 5, 6, 7, 8, 9, 10];0,00840;no;0,00870;[continuous, nominal];0,00826;;;;Tabular Data;0,01042;Blisk Milling (Florian Schlaich);0,00926;>100000;0,01282;1:4;0,01316;;;;;;;Offline;0,00926;Regression;0,00943;Time Series Prediction;0,01136;52;;;;;;;;1,00000;;;;;;;;;;;;;;;;
53;;;;;;;;;Process Parameter Prediction;0,01961;;;;;;2000:5000;0,01754;;;1;0,01190;2000:5000;0,01000;;Random Forest;0,00926;;;;;no categorical features;0,03030;[4, 5, 6, 7, 8, 9, 10];0,00840;no;0,00870;[continuous, nominal];0,00826;;;;Tabular Data;0,01042;Blisk Milling (Florian Schlaich);0,00926;>100000;0,01282;1:4;0,01316;;;;;;;Offline;0,00926;Regression;0,00943;Time Series Prediction;0,01136;53;;;;;;;;0,33333;0,33333;0,33333;;;;;;;;;;;;;;
54;;;;;;;;;Process Parameter Prediction;0,01961;;;;;;5000:10000;0,01754;;;1;0,01190;5000:10000;0,01000;;Random Forest;0,00926;;;;;no categorical features;0,03030;[4, 5, 6, 7, 8, 9, 10];0,00840;no;0,00870;[continuous, nominal];0,00826;;;;Tabular Data;0,01042;Blisk Milling (Florian Schlaich);0,00926;>100000;0,01282;1:4;0,01316;;;;;;;Offline;0,00926;Regression;0,00943;Time Series Prediction;0,01136;54;;;;;;;;1,00000;;;;;;;;;;;;;;;;
55;;;;;;;;;Process Parameter Prediction;0,01961;;;;;;>10000;0,01754;;;1;0,01190;>10000;0,01000;;Random Forest;0,00926;;;;;no categorical features;0,03030;[4, 5, 6, 7, 8, 9, 10];0,00840;no;0,00870;[continuous, nominal];0,00826;;;;Tabular Data;0,01042;Blisk Milling (Florian Schlaich);0,00926;>100000;0,01282;1:4;0,01316;;;;;;;Offline;0,00926;Regression;0,00943;Time Series Prediction;0,01136;55;;0,05263;0,05263;0,05263;0,05263;0,05263;0,05263;0,05263;0,05263;0,05263;0,05263;0,05263;0,05263;0,05263;0,05263;0,05263;0,05263;0,05263;0,05263;0,05263;;all;;
56;;;;;;;;;;;;;;<2;0,01449;;;36000;0,03125;1;0,01190;<72000;0,01000;;Latent Dirichlet Allocation (HPOlib);0,00926;;;;;yes;0,03030;[1, 2, 3];0,00840;no;0,00870;[continuous];0,00826;;;;Text Data;0,01042;wikipedia articles;0,00926;;;;;;;;;;;Offline;0,00926;Text;0,00943;Text;0,01136;56;;;;;;;;;;1,00000;;;;;;;;;;;;;Eggensperger2015;
57;;;;;;;;;;;;;;2:10;0,01449;;;36000;0,03125;1;0,01190;72000:360000;0,01000;;Latent Dirichlet Allocation (HPOlib);0,00926;;;;;yes;0,03030;[1, 2, 3];0,00840;no;0,00870;[continuous];0,00826;;;;Text Data;0,01042;wikipedia articles;0,00926;;;;;;;;;;;Offline;0,00926;Text;0,00943;Text;0,01136;57;;;;;;;;0,50000;;0,50000;;;;;;;;;;;;;;
58;;;;;;;;;;;;;;>10;0,01449;;;36000;0,03125;1;0,01190;>360000;0,01000;;Latent Dirichlet Allocation (HPOlib);0,00926;;;;;yes;0,03030;[1, 2, 3];0,00840;no;0,00870;[continuous];0,00826;;;;Text Data;0,01042;wikipedia articles;0,00926;;;;;;;;;;;Offline;0,00926;Text;0,00943;Text;0,01136;58;;0,05263;0,05263;0,05263;0,05263;0,05263;0,05263;0,05263;0,05263;0,05263;0,05263;0,05263;0,05263;0,05263;0,05263;0,05263;0,05263;0,05263;0,05263;0,05263;;all;;
59;;;;;;;;;;;;;;<2;0,01449;;;60;0,03125;1;0,01190;<120;0,01000;;Logistic Regression;0,00926;;;;;yes;0,03030;[4, 5, 6, 7, 8, 9, 10];0,00840;no;0,00870;[continuous, discrete];0,00826;;;;Image Data;0,01042;MNIST (OpenML);0,00926;1000:100000;0,01282;<1;0,01316;;;;;;;Offline;0,00926;Multiclass Classification;0,00943;Image Recognition;0,01136;59;;;;;;;;0,33333;0,33333;0,33333;;;;;;;;;;;;;;
60;;;;;;;;;;;;;;2:50;0,01449;;;60;0,03125;1;0,01190;120:3000;0,01000;;Logistic Regression;0,00926;;;;;yes;0,03030;[4, 5, 6, 7, 8, 9, 10];0,00840;no;0,00870;[continuous, discrete];0,00826;;;;Image Data;0,01042;MNIST (OpenML);0,00926;1000:100000;0,01282;<1;0,01316;;;;;;;Offline;0,00926;Multiclass Classification;0,00943;Image Recognition;0,01136;60;;;;;;;;;;1,00000;;;;;;;;;;;;;;
61;;;;;;;;;;;;;;>50;0,01449;;;60;0,03125;1;0,01190;>3000;0,01000;;Logistic Regression;0,00926;;;;;yes;0,03030;[4, 5, 6, 7, 8, 9, 10];0,00840;no;0,00870;[continuous, discrete];0,00826;;;;Image Data;0,01042;MNIST (OpenML);0,00926;1000:100000;0,01282;<1;0,01316;;;;;;;Offline;0,00926;Multiclass Classification;0,00943;Image Recognition;0,01136;61;;0,05263;0,05263;0,05263;0,05263;0,05263;0,05263;0,05263;0,05263;0,05263;0,05263;0,05263;0,05263;0,05263;0,05263;0,05263;0,05263;0,05263;0,05263;0,05263;;all;;
62;;;;;;;;;;;;;;<10;0,01449;;;60;0,03125;1;0,01190;<600;0,01000;;Logistic Regression;0,00926;;;;;yes;0,03030;[4, 5, 6, 7, 8, 9, 10];0,00840;no;0,00870;[continuous, discrete];0,00826;;;;Image Data;0,01042;MNIST (OpenML);0,00926;1000:100000;0,01282;<1;0,01316;;;;;;;Offline;0,00926;Multiclass Classification;0,00943;Image Recognition;0,01136;62;;;;;;;;0,33333;0,33333;0,33333;;;;;;;;;;;;;;
63;;;;;;;;;;;;;;10:100;0,01449;;;60;0,03125;1;0,01190;600:6000;0,01000;;Logistic Regression;0,00926;;;;;yes;0,03030;[4, 5, 6, 7, 8, 9, 10];0,00840;no;0,00870;[continuous, discrete];0,00826;;;;Image Data;0,01042;MNIST (OpenML);0,00926;1000:100000;0,01282;<1;0,01316;;;;;;;Offline;0,00926;Multiclass Classification;0,00943;Image Recognition;0,01136;63;;;;;;;;;;1,00000;;;;;;;;;;;;;;
64;;;;;;;;;;;;;;>100;0,01449;;;60;0,03125;1;0,01190;>6000;0,01000;;Logistic Regression;0,00926;;;;;yes;0,03030;[4, 5, 6, 7, 8, 9, 10];0,00840;no;0,00870;[continuous, discrete];0,00826;;;;Image Data;0,01042;MNIST (OpenML);0,00926;1000:100000;0,01282;<1;0,01316;;;;;;;Offline;0,00926;Multiclass Classification;0,00943;Image Recognition;0,01136;64;;0,05263;0,05263;0,05263;0,05263;0,05263;0,05263;0,05263;0,05263;0,05263;0,05263;0,05263;0,05263;0,05263;0,05263;0,05263;0,05263;0,05263;0,05263;0,05263;;all;;
65;;;;;;yes;0,01852;;;;;;;<2;0,01449;;;720;0,03125;2;0,01190;<2880;0,01000;;Multilayer Perceptron;0,00926;;;;;yes;0,03030;>10;0,00840;yes;0,00870;[continuous, discrete, nominal];0,00826;;;;Image Data;0,01042;convex (Larochelle2007);0,00926;1000:100000;0,01282;<1;0,01316;;;;;;;Offline;0,00926;Multiclass Classification;0,00943;Image Recognition;0,01136;65;;;;;;;;1,00000;;;;;;;;;;;;;;;;
66;;;;;;yes;0,01852;;;;;;;2:20;0,01449;;;720;0,03125;2;0,01190;2880:28800;0,01000;;Multilayer Perceptron;0,00926;;;;;yes;0,03030;>10;0,00840;yes;0,00870;[continuous, discrete, nominal];0,00826;;;;Image Data;0,01042;convex (Larochelle2007);0,00926;1000:100000;0,01282;<1;0,01316;;;;;;;Offline;0,00926;Multiclass Classification;0,00943;Image Recognition;0,01136;66;;;;;;;;0,50000;0,50000;;;;;;;;;;;;;;;
67;;;;;;yes;0,01852;;;;;;;20:200;0,01449;;;720;0,03125;2;0,01190;28800:288000;0,01000;;Multilayer Perceptron;0,00926;;;;;yes;0,03030;>10;0,00840;yes;0,00870;[continuous, discrete, nominal];0,00826;;;;Image Data;0,01042;convex (Larochelle2007);0,00926;1000:100000;0,01282;<1;0,01316;;;;;;;Offline;0,00926;Multiclass Classification;0,00943;Image Recognition;0,01136;67;;;;;;;;0,33333;0,33333;0,33333;;;;;;;;;;;;;;
68;;;;;;yes;0,01852;;;;;;;<10;0,01449;;;720;0,03125;2;0,01190;<14400;0,01000;;Multilayer Perceptron;0,00926;;;;;yes;0,03030;>10;0,00840;yes;0,00870;[continuous, discrete, nominal];0,00826;;;;Image Data;0,01042;convex (Larochelle2007);0,00926;1000:100000;0,01282;<1;0,01316;;;;;;;Offline;0,00926;Multiclass Classification;0,00943;Image Recognition;0,01136;68;;;;;;;;1,00000;;;;;;;;;;;;;;;;
69;;;;;;yes;0,01852;;;;;;;10:100;0,01449;;;720;0,03125;2;0,01190;14400:144000;0,01000;;Multilayer Perceptron;0,00926;;;;;yes;0,03030;>10;0,00840;yes;0,00870;[continuous, discrete, nominal];0,00826;;;;Image Data;0,01042;convex (Larochelle2007);0,00926;1000:100000;0,01282;<1;0,01316;;;;;;;Offline;0,00926;Multiclass Classification;0,00943;Image Recognition;0,01136;69;;;;;;;;0,50000;0,50000;;;;;;;;;;;;;;;
70;;;;;;yes;0,01852;;;;;;;100:500;0,01449;;;720;0,03125;2;0,01190;14400:720000;0,01000;;Multilayer Perceptron;0,00926;;;;;yes;0,03030;>10;0,00840;yes;0,00870;[continuous, discrete, nominal];0,00826;;;;Image Data;0,01042;convex (Larochelle2007);0,00926;1000:100000;0,01282;<1;0,01316;;;;;;;Offline;0,00926;Multiclass Classification;0,00943;Image Recognition;0,01136;70;;;;;;;;1,00000;;;;;;;;;;;;;;;;
71;;;;;;yes;0,01852;;;;;;;<2;0,01449;;;720;0,03125;2;0,01190;<2880;0,01000;;Multilayer Perceptron;0,00926;;;;;yes;0,03030;>10;0,00840;yes;0,00870;[continuous, discrete, nominal];0,00826;;;;Image Data;0,01042;mrbi (mnist-rot-back-image) (Larochelle2007);0,00926;1000:100000;0,01282;<1;0,01316;;;;;;;Offline;0,00926;Multiclass Classification;0,00943;Image Recognition;0,01136;71;;;;;;;;1,00000;;;;;;;;;;;;;;;;
72;;;;;;yes;0,01852;;;;;;;2:50;0,01449;;;720;0,03125;2;0,01190;2880:72000;0,01000;;Multilayer Perceptron;0,00926;;;;;yes;0,03030;>10;0,00840;yes;0,00870;[continuous, discrete, nominal];0,00826;;;;Image Data;0,01042;mrbi (mnist-rot-back-image) (Larochelle2007);0,00926;1000:100000;0,01282;<1;0,01316;;;;;;;Offline;0,00926;Multiclass Classification;0,00943;Image Recognition;0,01136;72;;;;;;;;0,50000;0,50000;;;;;;;;;;;;;;;
73;;;;;;yes;0,01852;;;;;;;50:200;0,01449;;;720;0,03125;2;0,01190;72000:288000;0,01000;;Multilayer Perceptron;0,00926;;;;;yes;0,03030;>10;0,00840;yes;0,00870;[continuous, discrete, nominal];0,00826;;;;Image Data;0,01042;mrbi (mnist-rot-back-image) (Larochelle2007);0,00926;1000:100000;0,01282;<1;0,01316;;;;;;;Offline;0,00926;Multiclass Classification;0,00943;Image Recognition;0,01136;73;;;;;;;;0,33333;0,33333;0,33333;;;;;;;;;;;;;;
74;;;;;;yes;0,01852;;;;;;;<5;0,01449;;;720;0,03125;2;0,01190;<7200;0,01000;;Multilayer Perceptron;0,00926;;;;;yes;0,03030;>10;0,00840;yes;0,00870;[continuous, discrete, nominal];0,00826;;;;Image Data;0,01042;mrbi (mnist-rot-back-image) (Larochelle2007);0,00926;1000:100000;0,01282;<1;0,01316;;;;;;;Offline;0,00926;Multiclass Classification;0,00943;Image Recognition;0,01136;74;;;;;;;;1,00000;;;;;;;;;;;;;;;;
75;;;;;;yes;0,01852;;;;;;;5:50;0,01449;;;720;0,03125;2;0,01190;7200:72000;0,01000;;Multilayer Perceptron;0,00926;;;;;yes;0,03030;>10;0,00840;yes;0,00870;[continuous, discrete, nominal];0,00826;;;;Image Data;0,01042;mrbi (mnist-rot-back-image) (Larochelle2007);0,00926;1000:100000;0,01282;<1;0,01316;;;;;;;Offline;0,00926;Multiclass Classification;0,00943;Image Recognition;0,01136;75;;;;;;;;0,50000;0,50000;;;;;;;;;;;;;;;
76;;;;;;yes;0,01852;;;;;;;50:500;0,01449;;;720;0,03125;2;0,01190;72000:720000;0,01000;;Multilayer Perceptron;0,00926;;;;;yes;0,03030;>10;0,00840;yes;0,00870;[continuous, discrete, nominal];0,00826;;;;Image Data;0,01042;mrbi (mnist-rot-back-image) (Larochelle2007);0,00926;1000:100000;0,01282;<1;0,01316;;;;;;;Offline;0,00926;Multiclass Classification;0,00943;Image Recognition;0,01136;76;;;;;;;;1,00000;;;;;;;;;;;;;;;;
77;;;;;;;;;;;;;;<5;0,01449;;;;;;;;;;Deep Neural Net;0,00926;;;;;yes;0,03030;>10;0,00840;yes;0,00870;[continuous, discrete, nominal];0,00826;;;;Image Data;0,01042;convex (Larochelle2007);0,00926;1000:100000;0,01282;<1;0,01316;;;;;;;Offline;0,00926;Multiclass Classification;0,00943;Image Recognition;0,01136;77;;;;;;;;;0,50000;0,50000;;;;;;;;;;;;;;
78;;;;;;;;;;;;;;2:50;0,01449;;;;;;;;;;Deep Neural Net;0,00926;;;;;yes;0,03030;>10;0,00840;yes;0,00870;[continuous, discrete, nominal];0,00826;;;;Image Data;0,01042;convex (Larochelle2007);0,00926;1000:100000;0,01282;<1;0,01316;;;;;;;Offline;0,00926;Multiclass Classification;0,00943;Image Recognition;0,01136;78;;;;;;;;0,50000;0,50000;;;;;;;;;;;;;;;
79;;;;;;;;;;;;;;50:200;0,01449;;;;;;;;;;Deep Neural Net;0,00926;;;;;yes;0,03030;>10;0,00840;yes;0,00870;[continuous, discrete, nominal];0,00826;;;;Image Data;0,01042;convex (Larochelle2007);0,00926;1000:100000;0,01282;<1;0,01316;;;;;;;Offline;0,00926;Multiclass Classification;0,00943;Image Recognition;0,01136;79;;;;;;;;0,33333;0,33333;0,33333;;;;;;;;;;;;;;
80;;;;;;;;;;;;;;<10;0,01449;;;;;;;;;;Deep Neural Net;0,00926;;;;;yes;0,03030;>10;0,00840;yes;0,00870;[continuous, discrete, nominal];0,00826;;;;Image Data;0,01042;mrbi (mnist-rot-back-image) (Larochelle2007);0,00926;1000:100000;0,01282;<1;0,01316;;;;;;;Offline;0,00926;Multiclass Classification;0,00943;Image Recognition;0,01136;80;;;;;;;;0,33333;0,33333;0,33333;;;;;;;;;;;;;;
81;;;;;;;;;;;;;;10:200;0,01449;;;;;;;;;;Deep Neural Net;0,00926;;;;;yes;0,03030;>10;0,00840;yes;0,00870;[continuous, discrete, nominal];0,00826;;;;Image Data;0,01042;mrbi (mnist-rot-back-image) (Larochelle2007);0,00926;1000:100000;0,01282;<1;0,01316;;;;;;;Offline;0,00926;Multiclass Classification;0,00943;Image Recognition;0,01136;81;;;;;;;;0,50000;0,50000;;;;;;;;;;;;;;;
82;;;;;;;;;;;;;;;;<10;0,01754;;;1;0,01190;<10;0,01000;;Support Vector Machine;0,00926;;;;;;;[1, 2, 3];0,00840;no;0,00870;[continuous];0,00826;;;;Image Data;0,01042;mnist surrogate (Klein2017);0,00926;;;;;;;;;;;Offline;0,00926;Multiclass Classification;0,00943;Image Recognition;0,01136;82;;;;;;;;;;;;;;;0,33333;;0,33333;0,33333;;;;;Falkner2018;
83;;;;;;;;;;;;;;;;0,444444444;0,01754;;;1;0,01190;0,444444444;0,01000;;Support Vector Machine;0,00926;;;;;;;[1, 2, 3];0,00840;no;0,00870;[continuous];0,00826;;;;Image Data;0,01042;mnist surrogate (Klein2017);0,00926;;;;;;;;;;;Offline;0,00926;Multiclass Classification;0,00943;Image Recognition;0,01136;83;;;;;;;;;;;;;;;;;1,00000;;;;;;;
84;;;;;;;;;;;;;;;;40:100;0,01754;;;1;0,01190;40:100;0,01000;;Support Vector Machine;0,00926;;;;;;;[1, 2, 3];0,00840;no;0,00870;[continuous];0,00826;;;;Image Data;0,01042;mnist surrogate (Klein2017);0,00926;;;;;;;;;;;Offline;0,00926;Multiclass Classification;0,00943;Image Recognition;0,01136;84;;;;;;;;;;;;;;;0,50000;;0,50000;;;;;;;
85;;;;;;;;;;;;;;;;100:400;0,01754;;;1;0,01190;100:400;0,01000;;Support Vector Machine;0,00926;;;;;;;[1, 2, 3];0,00840;no;0,00870;[continuous];0,00826;;;;Image Data;0,01042;mnist surrogate (Klein2017);0,00926;;;;;;;;;;;Offline;0,00926;Multiclass Classification;0,00943;Image Recognition;0,01136;85;;;;;;;;;;;;;;;0,33333;;0,33333;0,33333;;;;;;
86;;;;;;;;;;;;;;;;400:50000;0,01754;;;1;0,01190;400:50000;0,01000;;Support Vector Machine;0,00926;;;;;;;[1, 2, 3];0,00840;no;0,00870;[continuous];0,00826;;;;Image Data;0,01042;mnist surrogate (Klein2017);0,00926;;;;;;;;;;;Offline;0,00926;Multiclass Classification;0,00943;Image Recognition;0,01136;86;;;;;;;;;;;0,25000;;;;0,25000;;0,25000;0,25000;;;;;;
87;;;;;;;;;;;;;;;;50000:500000;0,01754;;;1;0,01190;50000:500000;0,01000;;Support Vector Machine;0,00926;;;;;;;[1, 2, 3];0,00840;no;0,00870;[continuous];0,00826;;;;Image Data;0,01042;mnist surrogate (Klein2017);0,00926;;;;;;;;;;;Offline;0,00926;Multiclass Classification;0,00943;Image Recognition;0,01136;87;;;;;;;;;;0,20000;0,20000;;;;0,20000;;0,20000;0,20000;;;;;;
88;;;;;;;;;;;;;;;;>500000;0,01754;;;1;0,01190;>500000;0,01000;;Support Vector Machine;0,00926;;;;;;;[1, 2, 3];0,00840;no;0,00870;[continuous];0,00826;;;;Image Data;0,01042;mnist surrogate (Klein2017);0,00926;;;;;;;;;;;Offline;0,00926;Multiclass Classification;0,00943;Image Recognition;0,01136;88;;0,05263;0,05263;0,05263;0,05263;0,05263;0,05263;0,05263;0,05263;0,05263;0,05263;0,05263;0,05263;0,05263;0,05263;0,05263;0,05263;0,05263;0,05263;0,05263;;all;;
89;;;;;;;;;;;;;;;;<4000;0,01754;;;1;0,01190;<4000;0,01000;;Multilayer Perceptron;0,00926;;;;;;;[4, 5, 6, 7, 8, 9, 10];0,00840;no;0,00870;[continuous, discrete];0,00826;;;;Tabular Data;0,01042;Adult (OpenML);0,00926;;;;;;;;;;;Offline;0,00926;Binary Classification;0,00943;;;89;;;;;;;;;;;;;;;0,33333;;;0,33333;0,33333;;;;;
90;;;;;;;;;;;;;;;;4000:100000;0,01754;;;1;0,01190;4000:100000;0,01000;;Multilayer Perceptron;0,00926;;;;;;;[4, 5, 6, 7, 8, 9, 10];0,00840;no;0,00870;[continuous, discrete];0,00826;;;;Tabular Data;0,01042;Adult (OpenML);0,00926;;;;;;;;;;;Offline;0,00926;Binary Classification;0,00943;;;90;;;;;;;;;;;;;;;;;;1,00000;;;;;;
91;;;;;;;;;;;;;;;;<10000;0,01754;;;1;0,01190;<10000;0,01000;;Multilayer Perceptron;0,00926;;;;;;;[4, 5, 6, 7, 8, 9, 10];0,00840;no;0,00870;[continuous, discrete];0,00826;;;;Tabular Data;0,01042;Higgs (OpenML);0,00926;;;;;;;;;;;Offline;0,00926;Binary Classification;0,00943;;;91;;;;;;;;;;;;;;;0,33333;;;0,33333;0,33333;;;;;
92;;;;;;;;;;;;;;;;10000:100000;0,01754;;;1;0,01190;10000:100000;0,01000;;Multilayer Perceptron;0,00926;;;;;;;[4, 5, 6, 7, 8, 9, 10];0,00840;no;0,00870;[continuous, discrete];0,00826;;;;Tabular Data;0,01042;Higgs (OpenML);0,00926;;;;;;;;;;;Offline;0,00926;Binary Classification;0,00943;;;92;;;;;;;;;;;;;;;;;;1,00000;;;;;;
93;;;;;;;;;;;;;;;;<100;0,01754;;;1;0,01190;<100;0,01000;;Multilayer Perceptron;0,00926;;;;;;;[4, 5, 6, 7, 8, 9, 10];0,00840;no;0,00870;[continuous, discrete];0,00826;;;;Tabular Data;0,01042;Letter (OpenML);0,00926;1000:100000;0,01282;1:4;0,01316;;;;;;;Offline;0,00926;Multiclass Classification;0,00943;Image Recognition;0,01136;93;;;;;;;;;;;;;;;0,33333;;;0,33333;0,33333;;;;;
94;;;;;;;;;;;;;;;;100:2000;0,01754;;;1;0,01190;100:2000;0,01000;;Multilayer Perceptron;0,00926;;;;;;;[4, 5, 6, 7, 8, 9, 10];0,00840;no;0,00870;[continuous, discrete];0,00826;;;;Tabular Data;0,01042;Letter (OpenML);0,00926;1000:100000;0,01282;1:4;0,01316;;;;;;;Offline;0,00926;Multiclass Classification;0,00943;Image Recognition;0,01136;94;;;;;;;;;;;;;;;;;;1,00000;;;;;;
95;;;;;;;;;;;;;;;;2000:20000;0,01754;;;1;0,01190;2000:20000;0,01000;;Multilayer Perceptron;0,00926;;;;;;;[4, 5, 6, 7, 8, 9, 10];0,00840;no;0,00870;[continuous, discrete];0,00826;;;;Tabular Data;0,01042;Letter (OpenML);0,00926;1000:100000;0,01282;1:4;0,01316;;;;;;;Offline;0,00926;Multiclass Classification;0,00943;Image Recognition;0,01136;95;;;;;;;;;;0,50000;;;;;;;;0,50000;;;;;;
96;;;;;;;;;;;;;;;;20000:40000;0,01754;;;1;0,01190;20000:40000;0,01000;;Multilayer Perceptron;0,00926;;;;;;;[4, 5, 6, 7, 8, 9, 10];0,00840;no;0,00870;[continuous, discrete];0,00826;;;;Tabular Data;0,01042;Letter (OpenML);0,00926;1000:100000;0,01282;1:4;0,01316;;;;;;;Offline;0,00926;Multiclass Classification;0,00943;Image Recognition;0,01136;96;;;;;;;;;0,33333;0,33333;;;;;;;;0,33333;;;;;;
97;;;;;;;;;;;;;;;;<4000;0,01754;;;1;0,01190;<4000;0,01000;;Multilayer Perceptron;0,00926;;;;;;;[4, 5, 6, 7, 8, 9, 10];0,00840;no;0,00870;[continuous, discrete];0,00826;;;;Image Data;0,01042;MNIST (OpenML);0,00926;1000:100000;0,01282;>4;0,01316;;;;;;;Offline;0,00926;Multiclass Classification;0,00943;Image Recognition;0,01136;97;;;;;;;;;;;;;;;0,50000;;;0,50000;;;;;;
98;;;;;;;;;;;;;;;;4000:100000;0,01754;;;1;0,01190;4000:100000;0,01000;;Multilayer Perceptron;0,00926;;;;;;;[4, 5, 6, 7, 8, 9, 10];0,00840;no;0,00870;[continuous, discrete];0,00826;;;;Image Data;0,01042;MNIST (OpenML);0,00926;1000:100000;0,01282;>4;0,01316;;;;;;;Offline;0,00926;Multiclass Classification;0,00943;Image Recognition;0,01136;98;;;;;;;;;0,33333;0,33333;;;;;;;;0,33333;;;;;;
99;;;;;;;;;;;;;;;;<1000;0,01754;;;1;0,01190;<1000;0,01000;;Multilayer Perceptron;0,00926;;;;;;;[4, 5, 6, 7, 8, 9, 10];0,00840;no;0,00870;[continuous, discrete];0,00826;;;;Image Data;0,01042;Optdigits (OpenML);0,00926;1000:100000;0,01282;1:4;0,01316;;;;;;;Offline;0,00926;Multiclass Classification;0,00943;Image Recognition;0,01136;99;;;;;;;;;;;;;;;0,33333;;;0,33333;0,33333;;;;;
100;;;;;;;;;;;;;;;;1000:10000;0,01754;;;1;0,01190;1000:10000;0,01000;;Multilayer Perceptron;0,00926;;;;;;;[4, 5, 6, 7, 8, 9, 10];0,00840;no;0,00870;[continuous, discrete];0,00826;;;;Image Data;0,01042;Optdigits (OpenML);0,00926;1000:100000;0,01282;1:4;0,01316;;;;;;;Offline;0,00926;Multiclass Classification;0,00943;Image Recognition;0,01136;100;;;;;;;;;;;;;;;;;;1,00000;;;;;;
101;;;;;;;;;;;;;;;;<1000;0,01754;;;1;0,01190;<1000;0,01000;;Multilayer Perceptron;0,00926;;;;;;;[4, 5, 6, 7, 8, 9, 10];0,00840;no;0,00870;[continuous, discrete];0,00826;;;;Tabular Data;0,01042;Poker (OpenML);0,00926;;;;;;;;;;;Offline;0,00926;Binary Classification;0,00943;;;101;;;;;;;;;;;;;;;0,33000;;;0,33000;0,33000;;;;;
102;;;;;;;;;;;;;;;;1000:100000;0,01754;;;1;0,01190;1000:100000;0,01000;;Multilayer Perceptron;0,00926;;;;;;;[4, 5, 6, 7, 8, 9, 10];0,00840;no;0,00870;[continuous, discrete];0,00826;;;;Tabular Data;0,01042;Poker (OpenML);0,00926;;;;;;;;;;;Offline;0,00926;Binary Classification;0,00943;;;102;;;;;;;;;;;;;;;;;;1,00000;;;;;;
103;;;;;;;;;;;;;;<100;0,01449;;;;;;;;;;Support Vector Machine;0,00926;;;;;;;[1, 2, 3];0,00840;no;0,00870;[continuous];0,00826;;;;;;16 OpenML classification datasets;0,00926;;;;;;;;;no;0,10000;Offline;0,00926;Multiclass Classification;0,00943;;;103;;;;;;;;;;1,00000;;;;;;;;;;;;;Klein2019;
104;;;;;;;;;;;;;;<40;0,01449;;;;;;;;;;Support Vector Machine;0,00926;;;;;;;[1, 2, 3];0,00840;no;0,00870;[continuous];0,00826;;;;;;16 OpenML classification datasets;0,00926;;;;;;;;;yes;0,10000;Offline;0,00926;Multiclass Classification;0,00943;;;104;;;;;;;;;;1,00000;;;;;;;;;;;;;;
105;;;;;;;;;;;;;;40:100;0,01449;;;;;;;;;;Support Vector Machine;0,00926;;;;;;;[1, 2, 3];0,00840;no;0,00870;[continuous];0,00826;;;;;;16 OpenML classification datasets;0,00926;;;;;;;;;yes;0,10000;Offline;0,00926;Multiclass Classification;0,00943;;;105;;;;;;;;;;;;1,00000;;;;;;;;;;;;
106;;;;;;;;;;;;;;<50;0,01449;;;;;;;;;;Multilayer Perceptron;0,00926;;;;;;;[4, 5, 6, 7, 8, 9, 10];0,00840;no;0,00870;[continuous, discrete];0,00826;;;;;;16 OpenML classification datasets;0,00926;;;;;;;;;no;0,10000;Offline;0,00926;Multiclass Classification;0,00943;;;106;;;;;;;;;;;;1,00000;;;;;;;;;;;;
107;;;;;;;;;;;;;;50:100;0,01449;;;;;;;;;;Multilayer Perceptron;0,00926;;;;;;;[4, 5, 6, 7, 8, 9, 10];0,00840;no;0,00870;[continuous, discrete];0,00826;;;;;;16 OpenML classification datasets;0,00926;;;;;;;;;no;0,10000;Offline;0,00926;Multiclass Classification;0,00943;;;107;;;;;;;;;;1,00000;;;;;;;;;;;;;;
108;;;;;;;;;;;;;;<100;0,01449;;;;;;;;;;Multilayer Perceptron;0,00926;;;;;;;[4, 5, 6, 7, 8, 9, 10];0,00840;no;0,00870;[continuous, discrete];0,00826;;;;;;16 OpenML classification datasets;0,00926;;;;;;;;;yes;0,10000;Offline;0,00926;Multiclass Classification;0,00943;;;108;;;;;;;;;;;;1,00000;;;;;;;;;;;;
109;;;;;;;;;;;;;;<30;0,01449;;;;;;;;;;XGBoost;0,00926;;;;;;;[4, 5, 6, 7, 8, 9, 10];0,00840;no;0,00870;[continuous, discrete];0,00826;;;;;;10 UCI Regression datasets;0,00926;;;;;;;;;no;0,10000;Offline;0,00926;Regression;0,00943;;;109;;;;;;;;;;;;1,00000;;;;;;;;;;;;
110;;;;;;;;;;;;;;30:100;0,01449;;;;;;;;;;XGBoost;0,00926;;;;;;;[4, 5, 6, 7, 8, 9, 10];0,00840;no;0,00870;[continuous, discrete];0,00826;;;;;;10 UCI Regression datasets;0,00926;;;;;;;;;no;0,10000;Offline;0,00926;Regression;0,00943;;;110;;;;;;;;;;1,00000;;;;;;;;;;;;;;
111;;;;;;;;;;;;;;<30;0,01449;;;;;;;;;;XGBoost;0,00926;;;;;;;[4, 5, 6, 7, 8, 9, 10];0,00840;no;0,00870;[continuous, discrete];0,00826;;;;;;10 UCI Regression datasets;0,00926;;;;;;;;;yes;0,10000;Offline;0,00926;Regression;0,00943;;;111;;;;;;;;;;;;1,00000;;;;;;;;;;;;
112;;;;;;;;;;;;;;30:100;0,01449;;;;;;;;;;XGBoost;0,00926;;;;;;;[4, 5, 6, 7, 8, 9, 10];0,00840;no;0,00870;[continuous, discrete];0,00826;;;;;;10 UCI Regression datasets;0,00926;;;;;;;;;yes;0,10000;Offline;0,00926;Regression;0,00943;;;112;;;;;;;;;;1,00000;;;;;;;;;;;;;;
113;;;;;;yes;0,01852;;;;;;;<200;0,01449;;;1800;0,03125;17;0,01190;<360000;0,01000;;Convolutional Neural Net;0,00926;;;;;;;>10;0,00840;no;0,00870;[continuous, discrete];0,00826;;;;Image Data;0,01042;MNIST (OpenML);0,00926;1000:100000;0,01282;>4;0,01316;;;;;;;Offline;0,00926;Multiclass Classification;0,00943;Image Recognition;0,01136;113;;;;;;;;;1,00000;;;;;;;;;;;;;;Loshchilov2016;
114;;;;;;yes;0,01852;;;;;;;200:1000;0,01449;;;1800;0,03125;17;0,01190;360000:1800000;0,01000;;Convolutional Neural Net;0,00926;;;;;;;>10;0,00840;no;0,00870;[continuous, discrete];0,00826;;;;Image Data;0,01042;MNIST (OpenML);0,00926;1000:100000;0,01282;>4;0,01316;;;;;;;Offline;0,00926;Multiclass Classification;0,00943;Image Recognition;0,01136;114;;;;1,00000;;;;;;;;;;;;;;;;;;;;
115;;;;;;;;;;;;;;<200;0,01449;;;;;;;;;;Synthetic Function;0,00926;;;;;;;[1, 2, 3];0,00840;no;0,00870;[continuous];0,00826;;;;;;Branin (HPOlib);0,00926;;;;;;;;;;;Offline;0,00926;;;Synthetic Function;0,01136;115;;;;;;;;;;0,33333;;0,33333;0,33333;;;;;;;;;;Springenberg2016;
116;;;;;;;;;;;;;;<200;0,01449;;;;;;;;;;Synthetic Function;0,00926;;;;;;;[4, 5, 6, 7, 8, 9, 10];0,00840;no;0,00870;[continuous];0,00826;;;;;;Hartmann6d (HPOlib);0,00926;;;;;;;;;;;Offline;0,00926;;;Synthetic Function;0,01136;116;;;;;;;;;;0,33333;;0,33333;0,33333;;;;;;;;;;;
117;;;;;;;;;;;;;;<100;0,01449;;;;;;;;;;Logistic Regression;0,00926;;;;;;;[4, 5, 6, 7, 8, 9, 10];0,00840;no;0,00870;[continuous];0,00826;;;;Image Data;0,01042;MNIST (OpenML);0,00926;1000:100000;0,01282;>4;0,01316;;;;;;;Offline;0,00926;Multiclass Classification;0,00943;Image Recognition;0,01136;117;;;;;;;;;;0,50000;;;0,50000;;;;;;;;;;;
118;;;;;;;;;;;;;;<50;0,01449;;;;;;;;;;Latent Dirichlet Allocation (HPOlib);0,00926;;;;;;;[1, 2, 3];0,00840;no;0,00870;[discrete];0,00826;;;;Text Data;0,01042;wikipedia articles;0,00926;;;;;;;;;;;Offline;0,00926;Text;0,00943;;;118;;;;;;;;;;0,50000;;;0,50000;;;;;;;;;;;
119;;;;;;;;;;;;;;<100;0,01449;;;;;;;;;;Support Vector Machine;0,00926;;;;;;;[1, 2, 3];0,00840;no;0,00870;[discrete];0,00826;;;;Tabular Data;0,01042;UniProbe;0,00926;;;;;;;;;;;Offline;0,00926;Multiclass Classification;0,00943;;;119;;;;;;;;0,25000;;0,25000;;0,25000;0,25000;;;;;;;;;;;
120;;;;;;;;;;;;;;<50;0,01449;;;;;;;;;;Support Vector Machine;0,00926;;;;;;;[1, 2, 3];0,00840;no;0,00870;[discrete];0,00826;;;;Tabular Data;0,01042;Wine (OpenML);0,00926;<1000;0,01282;1:4;0,01316;;;;;;;Offline;0,00926;Multiclass Classification;0,00943;;;120;;;;;;;;;;;0,50000;0,50000;;;;;;;;;;;;
121;;;;;;;;;;;;;;>50;0,01449;;;;;;;;;;Support Vector Machine;0,00926;;;;;;;[1, 2, 3];0,00840;no;0,00870;[discrete];0,00826;;;;Tabular Data;0,01042;Wine (OpenML);0,00926;<1000;0,01282;1:4;0,01316;;;;;;;Offline;0,00926;Multiclass Classification;0,00943;;;121;;0,05263;0,05263;0,05263;0,05263;0,05263;0,05263;0,05263;0,05263;0,05263;0,05263;0,05263;0,05263;0,05263;0,05263;0,05263;0,05263;0,05263;0,05263;0,05263;;;;
122;;;;;;;;;;;;;;<50;0,01449;;;;;;;;;;Random Forest;0,00926;;;;;;;[4, 5, 6, 7, 8, 9, 10];0,00840;no;0,00870;[discrete, nominal];0,00826;;;;Tabular Data;0,01042;Hepatitis (OpenML);0,00926;<1000;0,01282;1:4;0,01316;;;;;;;Offline;0,00926;Binary Classification;0,00943;Classification;0,01136;122;;;;;;;;;;;0,50000;0,50000;;;;;;;;;;;;
123;;;;;;;;;;;;;;>50;0,01449;;;;;;;;;;Random Forest;0,00926;;;;;;;[4, 5, 6, 7, 8, 9, 10];0,00840;no;0,00870;[discrete, nominal];0,00826;;;;Tabular Data;0,01042;Hepatitis (OpenML);0,00926;<1000;0,01282;1:4;0,01316;;;;;;;Offline;0,00926;Binary Classification;0,00943;Classification;0,01136;123;;0,05263;0,05263;0,05263;0,05263;0,05263;0,05263;0,05263;0,05263;0,05263;0,05263;0,05263;0,05263;0,05263;0,05263;0,05263;0,05263;0,05263;0,05263;0,05263;;;;
124;;;;;;yes;0,01852;;;;;;;;;<12500;0,01754;;;8;0,01190;<100000;0,01000;;Convolutional Neural Net;0,00926;;;yes;0,02941;;;[4, 5, 6, 7, 8, 9, 10];0,00840;no;0,00870;[continuous, discrete, nominal];0,00826;;;;Image Data;0,01042;CIFAR-10;0,00926;1000:100000;0,01282;>4;0,01316;;;;;;;Offline;0,00926;Multiclass Classification;0,00943;Image Recognition;0,01136;124;;;;;;;;;;;;0,50000;0,50000;;;;;;;;;;;
125;;;;;;yes;0,01852;;;;;;;;;12500:31250;0,01754;;;8;0,01190;100000:250000;0,01000;;Convolutional Neural Net;0,00926;;;yes;0,02941;;;[4, 5, 6, 7, 8, 9, 10];0,00840;no;0,00870;[continuous, discrete, nominal];0,00826;;;;Image Data;0,01042;CIFAR-10;0,00926;1000:100000;0,01282;>4;0,01316;;;;;;;Offline;0,00926;Multiclass Classification;0,00943;Image Recognition;0,01136;125;;;;;;;;;;;;1,00000;;;;;;;;;;;;
126;;;;;;yes;0,01852;;;;;;;;;>31250;0,01754;;;8;0,01190;>250000;0,01000;;Convolutional Neural Net;0,00926;;;yes;0,02941;;;[4, 5, 6, 7, 8, 9, 10];0,00840;no;0,00870;[continuous, discrete, nominal];0,00826;;;;Image Data;0,01042;CIFAR-10;0,00926;1000:100000;0,01282;>4;0,01316;;;;;;;Offline;0,00926;Multiclass Classification;0,00943;Image Recognition;0,01136;126;;0,05263;0,05263;0,05263;0,05263;0,05263;0,05263;0,05263;0,05263;0,05263;0,05263;0,05263;0,05263;0,05263;0,05263;0,05263;0,05263;0,05263;0,05263;0,05263;;only the ones that are parallelizable!;;
127;;;;;;no;0,01852;;;;;;;;;<150000;0,01754;;;1;0,01190;<150000;0,01000;;Convolutional Neural Net;0,00926;;;yes;0,02941;;;[4, 5, 6, 7, 8, 9, 10];0,00840;no;0,00870;[continuous, discrete];0,00826;;;;Image Data;0,01042;CIFAR-10;0,00926;1000:100000;0,01282;>4;0,01316;;;;;;;Offline;0,00926;Multiclass Classification;0,00943;Image Recognition;0,01136;127;;;;;;;;;;;;;;0,25000;0,25000;0,25000;;0,25000;;;;;Li2018;
128;;;;;;no;0,01852;;;;;;;;;>150000;0,01754;;;1;0,01190;>150000;0,01000;;Convolutional Neural Net;0,00926;;;yes;0,02941;;;[4, 5, 6, 7, 8, 9, 10];0,00840;no;0,00870;[continuous, discrete];0,00826;;;;Image Data;0,01042;CIFAR-10;0,00926;1000:100000;0,01282;>4;0,01316;;;;;;;Offline;0,00926;Multiclass Classification;0,00943;Image Recognition;0,01136;128;;;;;;;;;;;;;;0,25000;0,25000;0,25000;;0,25000;;;;;;
129;;;;;;no;0,01852;;;;;;;;;<30000;0,01754;;;1;0,01190;<30000;0,01000;;Convolutional Neural Net;0,00926;;;yes;0,02941;;;[4, 5, 6, 7, 8, 9, 10];0,00840;no;0,00870;[continuous, discrete];0,00826;;;;Image Data;0,01042;CIFAR-10;0,00926;1000:100000;0,01282;>4;0,01316;;;;;;;Offline;0,00926;Multiclass Classification;0,00943;Image Recognition;0,01136;129;;;;;0,25000;;;;;;;;;0,25000;0,25000;0,25000;;;;;;;;
130;;;;;;no;0,01852;;;;;;;;;30000:90000;0,01754;;;1;0,01190;30000:90000;0,01000;;Convolutional Neural Net;0,00926;;;yes;0,02941;;;[4, 5, 6, 7, 8, 9, 10];0,00840;no;0,00870;[continuous, discrete];0,00826;;;;Image Data;0,01042;CIFAR-10;0,00926;1000:100000;0,01282;>4;0,01316;;;;;;;Offline;0,00926;Multiclass Classification;0,00943;Image Recognition;0,01136;130;;;;;0,20000;;;;;;;;;0,20000;0,20000;0,20000;;0,20000;;;;;;
131;;;;;;no;0,01852;;;;;;;;;>90000;0,01754;;;1;0,01190;>90000;0,01000;;Convolutional Neural Net;0,00926;;;yes;0,02941;;;[4, 5, 6, 7, 8, 9, 10];0,00840;no;0,00870;[continuous, discrete];0,00826;;;;Image Data;0,01042;CIFAR-10;0,00926;1000:100000;0,01282;>4;0,01316;;;;;;;Offline;0,00926;Multiclass Classification;0,00943;Image Recognition;0,01136;131;;;;;0,25000;;;;;;;;;0,25000;;0,25000;;0,25000;;;;;;
132;;;;;;yes;0,01852;;;;;;;;;<2400;0,01754;;;25;0,01190;<60000;0,01000;;Convolutional Neural Net;0,00926;;;yes;0,02941;;;[4, 5, 6, 7, 8, 9, 10];0,00840;no;0,00870;[continuous, discrete];0,00826;;;;Image Data;0,01042;CIFAR-10;0,00926;1000:100000;0,01282;>4;0,01316;;;;;;;Offline;0,00926;Multiclass Classification;0,00943;Image Recognition;0,01136;132;;;;;1,00000;;;;;;;;;;;;;;;;;;;
133;;;;;;yes;0,01852;;;;;;;;;2400:3600;0,01754;;;25;0,01190;60000:90000;0,01000;;Convolutional Neural Net;0,00926;;;yes;0,02941;;;[4, 5, 6, 7, 8, 9, 10];0,00840;no;0,00870;[continuous, discrete];0,00826;;;;Image Data;0,01042;CIFAR-10;0,00926;1000:100000;0,01282;>4;0,01316;;;;;;;Offline;0,00926;Multiclass Classification;0,00943;Image Recognition;0,01136;133;;;;;;;;;;;;;;;;1,00000;;;;;;;;
134;;;;;;yes;0,01852;;;;;;;;;>3600;0,01754;;;25;0,01190;>90000;0,01000;;Convolutional Neural Net;0,00926;;;yes;0,02941;;;[4, 5, 6, 7, 8, 9, 10];0,00840;no;0,00870;[continuous, discrete];0,00826;;;;Image Data;0,01042;CIFAR-10;0,00926;1000:100000;0,01282;>4;0,01316;;;;;;;Offline;0,00926;Multiclass Classification;0,00943;Image Recognition;0,01136;134;;;;;;;;;;;;;;0,33333;;0,33333;;0,33333;;;;;;
135;;;;;;yes;0,01852;;;;;;;;;<6000;0,01754;;;25;0,01190;<150000;0,01000;;Convolutional Neural Net;0,00926;;;yes;0,02941;;;[4, 5, 6, 7, 8, 9, 10];0,00840;no;0,00870;[continuous, discrete];0,00826;;;;Image Data;0,01042;CIFAR-10;0,00926;1000:100000;0,01282;>4;0,01316;;;;;;;Offline;0,00926;Multiclass Classification;0,00943;Image Recognition;0,01136;135;;;;;0,50000;;;;;;;;;;;0,50000;;;;;;;;
136;;;;;;yes;0,01852;;;;;;;;;>6000;0,01754;;;25;0,01190;>150000;0,01000;;Convolutional Neural Net;0,00926;;;yes;0,02941;;;[4, 5, 6, 7, 8, 9, 10];0,00840;no;0,00870;[continuous, discrete];0,00826;;;;Image Data;0,01042;CIFAR-10;0,00926;1000:100000;0,01282;>4;0,01316;;;;;;;Offline;0,00926;Multiclass Classification;0,00943;Image Recognition;0,01136;136;;;;;0,50000;;;;;;;;;;;0,50000;;;;;;;;
137;;;;;;;;;;;;;;;;;;;;;;;;;;;yes;0,05000;;;;;;;;;;;;;;;;;;;;;;;;;;;;;;;;;;137;;;;;;;;;;;;;;;;;;1,00000;;;;;Hutter2019;
138;;;;;;;;;;;;low;0,06250;;;;;;;;;<86400;0,01000;;;;no;0,05000;;;;;;;no;0,00870;[continuous];0,00826;;;;;;;;;;;;;;;;;;;;;;;;138;;;;;;;;;;1,00000;;;;;;;;;;;;;;
139;;;;;;;;;;;;;;;;;;;;;;;;;;;no;0,05000;;;;;>10;0,00840;yes;0,00870;;;;;;;;;;;;;;;;;;;;;;;;;;139;;;;;;;;0,50000;0,50000;;;;;;;;;;;;;;;
140;;;;;;;;;;;;high;0,06250;;;;;;;;;>86400;0,01000;;;;yes;0,05000;;;;;;;;;[continuous];0,00826;;;;;;;;;;;;;;;;;;;;;;;;140;;;;1,00000;;;;;;;;;;;;;;;;;;;;
;;;;;;;;;;;;;;;;;;;;;;;;;;;;;;;;;;;;;;;;;;;;;;;;;;;;;;;;;;;;;;141;;;;;;;;;;;;;;;;;;;;;;;;
142;;;;;;;;;;;;;;;;;;;;;;;;;;;;;;;;;;;;;;;;;;;;;;;;;;;;;;;;;;;;;;142;;;;;;;;;;;;;;;;;;;;;;;;
143;;;;;;;;;;;;;;;;;;;;;;;;;;;;;;;;;;;;;;;;;;;;;;;;;;;;;;;;;;;;;;143;;;;;;;;;;;;;;;;;;;;;;;;
144;;;;;;;;;;;;;;;;;;;;;;;;;;;;;;;;;;;;;;;;;;;;;;;;;;;;;;;;;;;;;;144;;;;;;;;;;;;;;;;;;;;;;;;
145;;;;;;;;;;;;;;;;;;;;;;;;;;;;;;;;;;;;;;;;;;;;;;;;;;;;;;;;;;;;;;145;;;;;;;;;;;;;;;;;;;;;;;;
146;;;;;;;;;;;;;;;;;;;;;;;;;;;;;;;;;;;;;;;;;;;;;;;;;;;;;;;;;;;;;;146;;;;;;;;;;;;;;;;;;;;;;;;
147;;;;;;;;;;;;;;;;;;;;;;;;;;;;;;;;;;;;;;;;;;;;;;;;;;;;;;;;;;;;;;147;;;;;;;;;;;;;;;;;;;;;;;;
148;;;;;;;;;;;;;;;;;;;;;;;;;;;;;;;;;;;;;;;;;;;;;;;;;;;;;;;;;;;;;;148;;;;;;;;;;;;;;;;;;;;;;;;
149;;;;;;;;;;;;;;;;;;;;;;;;;;;;;;;;;;;;;;;;;;;;;;;;;;;;;;;;;;;;;;149;;;;;;;;;;;;;;;;;;;;;;;;
150;;;;;;;;;;;;;;;;;;;;;;;;;;;;;;;;;;;;;;;;;;;;;;;;;;;;;;;;;;;;;;150;;;;;;;;;;;;;;;;;;;;;;;;
151;;;;;;;;;;;;;;;;;;;;;;;;;;;;;;;;;;;;;;;;;;;;;;;;;;;;;;;;;;;;;;151;;;;;;;;;;;;;;;;;;;;;;;;
152;;;;;;;;;;;;;;;;;;;;;;;;;;;;;;;;;;;;;;;;;;;;;;;;;;;;;;;;;;;;;;152;;;;;;;;;;;;;;;;;;;;;;;;
153;;;;;;;;;;;;;;;;;;;;;;;;;;;;;;;;;;;;;;;;;;;;;;;;;;;;;;;;;;;;;;153;;;;;;;;;;;;;;;;;;;;;;;;
154;;;;;;;;;;;;;;;;;;;;;;;;;;;;;;;;;;;;;;;;;;;;;;;;;;;;;;;;;;;;;;154;;;;;;;;;;;;;;;;;;;;;;;;
155;;;;;;;;;;;;;;;;;;;;;;;;;;;;;;;;;;;;;;;;;;;;;;;;;;;;;;;;;;;;;;155;;;;;;;;;;;;;;;;;;;;;;;;
;;;;;;;;;;;;;;;;;;;;;;;;;;;;;;;;;;;;;;;;;;;;;;;;;;;;;;;;;;;;;;;;;;;;;;;;;;;;;;;;;;;;;;
;;;;;;;;;;;;;;;;;;;;;;;;;;;;;;;;;;;;;;;;;;;;;;;;;;;;;;;;;;;;;;;;;;;;;;;;;;;;;;;;;;;;;;
;;high;14;high;7;yes;30;;Predictive Maintenance;20;;large;1;high;0;;;;;;;;;;;;;;;;;;;;;;;;;;;;;;;;;;;;;;;;;;;;;;;;;;;;;;;;;;;;;;;;;;;;;;;
;;low;1;medium;5;no;24;;Predictive Quality;24;;low;14;low;0;;;;;;;;;;;;;;;;;;;;;;;;;;;;;;;;;;;;;;;;;;;;;;;;;;;;;;;;;;;;;;;;;;;;;;;
;;;;medium:high;9;;;;Process Parameter Prediction;;;;;<2;0;;;;;;;;;;;;;;;;;;;;;;;;;;;;;;;;;;;;;;;;;;;;;;;;;;;;;;;;;;;;;;;;;;;;;;;
;;;;low;1;;;;;;;;;<5;0;;;;;;;;;;;;;;;;;;;;;;;;;;;;;;;;;;;;;;;;;;;;;;;;;;;;;;;;;;;;;;;;;;;;;;;
;;;;;;;;;;;;;;<10;0;;;;;;;;;;;;;;;;;;;;;;;;;;;;;;;;;;;;;;;;;;;;;;;;;;;;;;;;;;;;;;;;;;;;;;;
;;;;;;;;;;;;;;<30;0;;;;;;;;;;;;;;;;;;;;;;;;;;;;;;;;;;;;;;;;;;;;;;;;;;;;;;;;;;;;;;;;;;;;;;;
;;;;;;;;;;;;;;<40;0;;;;;;;;;;;;;;;;;;;;;;;;;;;;;;;;;;;;;;;;;;;;;;;;;;;;;;;;;;;;;;;;;;;;;;;
;;;;;;;;;;;;;;<50;0;;;;;;;;;;;;;;;;;;;;;;;;;;;;;;;;;;;;;;;;;;;;;;;;;;;;;;;;;;;;;;;;;;;;;;;
;;;;;;;;;;;;;;50;0;;;;;;;;;;;;;;;;;;;;;;;;;;;;;;;;;;;;;;;;;;;;;;;;;;;;;;;;;;;;;;;;;;;;;;;
;;;;;;;;;;;;;;<100;0;;;;;;;;;;;;;;;;;;;;;;;;;;;;;;;;;;;;;;;;;;;;;;;;;;;;;;;;;;;;;;;;;;;;;;;
;;;;;;;;;;;;;;100;0;;;;;;;;;;;;;;;;;;;;;;;;;;;;;;;;;;;;;;;;;;;;;;;;;;;;;;;;;;;;;;;;;;;;;;;
;;;;;;;;;;;;;;<200;0;;;;;;;;;;;;;;;;;;;;;;;;;;;;;;;;;;;;;;;;;;;;;;;;;;;;;;;;;;;;;;;;;;;;;;;
;;;;;;;;;;;;;;200;0;;;;;;;;;;;;;;;;;;;;;;;;;;;;;;;;;;;;;;;;;;;;;;;;;;;;;;;;;;;;;;;;;;;;;;;
;;;;;;;;;;;;;;2:10;1;;;;;;;;;;;;;;;;;;;;;;;;;;;;;;;;;;;;;;;;;;;;;;;;;;;;;;;;;;;;;;;;;;;;;;;
;;;;;;;;;;;;;;2:20;1;;;;;;;;;;;;;;;;;;;;;;;;;;;;;;;;;;;;;;;;;;;;;;;;;;;;;;;;;;;;;;;;;;;;;;;
;;;;;;;;;;;;;;2:50;3;;;;;;;;;;;;;;;;;;;;;;;;;;;;;;;;;;;;;;;;;;;;;;;;;;;;;;;;;;;;;;;;;;;;;;;
;;;;;;;;;;;;;;5:50;1;;;;;;;;;;;;;;;;;;;;;;;;;;;;;;;;;;;;;;;;;;;;;;;;;;;;;;;;;;;;;;;;;;;;;;;
;;;;;;;;;;;;;;10:100;2;;;;;;;;;;;;;;;;;;;;;;;;;;;;;;;;;;;;;;;;;;;;;;;;;;;;;;;;;;;;;;;;;;;;;;;
;;;;;;;;;;;;;;10:200;1;;;;;;;;;;;;;;;;;;;;;;;;;;;;;;;;;;;;;;;;;;;;;;;;;;;;;;;;;;;;;;;;;;;;;;;
;;;;;;;;;;;;;;20:200;1;;;;;;;;;;;;;;;;;;;;;;;;;;;;;;;;;;;;;;;;;;;;;;;;;;;;;;;;;;;;;;;;;;;;;;;
;;;;;;;;;;;;;;30:100;2;;;;;;;;;;;;;;;;;;;;;;;;;;;;;;;;;;;;;;;;;;;;;;;;;;;;;;;;;;;;;;;;;;;;;;;
;;;;;;;;;;;;;;40:100;1;;;;;;;;;;;;;;;;;;;;;;;;;;;;;;;;;;;;;;;;;;;;;;;;;;;;;;;;;;;;;;;;;;;;;;;
;;;;;;;;;;;;;;50:100;1;;;;;;;;;;;;;;;;;;;;;;;;;;;;;;;;;;;;;;;;;;;;;;;;;;;;;;;;;;;;;;;;;;;;;;;
;;;;;;;;;;;;;;50:200;2;;;;;;;;;;;;;;;;;;;;;;;;;;;;;;;;;;;;;;;;;;;;;;;;;;;;;;;;;;;;;;;;;;;;;;;
;;;;;;;;;;;;;;100:500;1;;;;;;;;;;;;;;;;;;;;;;;;;;;;;;;;;;;;;;;;;;;;;;;;;;;;;;;;;;;;;;;;;;;;;;;
;;;;;;;;;;;;;;200:1000;1;;;;;;;;;;;;;;;;;;;;;;;;;;;;;;;;;;;;;;;;;;;;;;;;;;;;;;;;;;;;;;;;;;;;;;;
;;;;;;;;;;;;;;>10;0;;;;;;;;;;;;;;;;;;;;;;;;;;;;;;;;;;;;;;;;;;;;;;;;;;;;;;;;;;;;;;;;;;;;;;;
;;;;;;;;;;;;;;>50;0;;;;;;;;;;;;;;;;;;;;;;;;;;;;;;;;;;;;;;;;;;;;;;;;;;;;;;;;;;;;;;;;;;;;;;;
;;;;;;;;;;;;;;>100;0;;;;;;;;;;;;;;;;;;;;;;;;;;;;;;;;;;;;;;;;;;;;;;;;;;;;;;;;;;;;;;;;;;;;;;;
;;;;;;;;;;;;;;>=200;0;;;;;;;;;;;;;;;;;;;;;;;;;;;;;;;;;;;;;;;;;;;;;;;;;;;;;;;;;;;;;;;;;;;;;;;