;;A;A_I;A;A_I;A;A_I;A;A_I;A;A_I;A;A_I;;A;A_I;;A;A_I;A;A_I;A;A_I;;A;A_I;A;A_I;A;A_I;A;A_I;A;A_I;A;A_I;A;A_I;A;A_I;;A;A_I;A;A_I;A;A_I;A;A_I;A;A_I;A;A_I;A;A_I;;D;D;D;D;D;D;D;D;D;D;D;D;D;D;D;D;D;D;X;;;;;;;;;;
;;Antecedent attributes;;;;;;;;;;;;;;;;;;;;;;;;;;;;;;;;;;;;;;;;;;;;;;;;;;;;;;;Consequent attribute (Hyperparameter Optimization Method);;;;;;;;;;;;;;;;;;;;;;;;;;;;
;;User specific;;;;;;;;;;;;;Production;;;Time Resources;;;;;;;Machine Learning Algorithm;;;;;;;;;;;;;;;;;Machine Learning Task;;;;;;;;;;;;;;;;Model-free, Full evaluation;;;;;Model-based, Full evaluation;;;;;;Model-free, Multi-fidelity;;;Model-based, Multi-fidelity;;;;total n of HPO techniques analyzed;;;;;;;;;
Rule ID;thetas;UR: quality demands;1;User's programming ability;1;UR: need for model transparency;1;UR: Availability of a well documented library;1;UR: Computer operating system;1;Hardware: Number of workers/kernels for parallel computing;1;;Production application area;1;;Number of maximum function evaluations/ trials budget;1;Running time per trial [s];1;Total Computing Time [s];1;;Machine Learning Algorithm;1;Obtainability of good approximate;1;Supports parallel evaluations;1;Dimensionality of HPs;1;Conditional HP space;1;HP datatypes;1;Availability of a warm-start HP configuration;1;Obtainability of gradients;1;;Input Data;1;#Instances training dataset;1;Ratio training to test dataset;1;Noise in dataset;1;Training Technique;1;ML task;1;Detailed ML task;1;Rule ID;Default Values;Random Search;Grid Search;CMA-ES;PBT;HOAG;SMAC;TPE;GPBO;MTBO;BOHAMIANN;DNGO;SHA;HB;ASHA;FABOLAS;BOHB;HB-LCNet;;18;;;;;;;;;
;;0,0417;24;0,0313;32;0,0714;14;0,0714;14;0,1429;7;0,0082;122;;0,0175;57;;0,0145;69;0,0286;35;0,0063;159;;0,0085;117;0,0270;37;0,0270;37;0,0078;129;0,0085;117;0,0077;130;1,0000;1;0,1667;6;;;105;0,0114;88;0,0120;83;0,0500;20;0,0083;121;0,0086;116;0,0108;93;;28,89;16,73;10,14;15,08;12,02;3,21;30,52;22,09;24,40;3,66;10,77;4,63;11,57;23,21;10,88;6,49;29,33;5,37;;;;;;;;;;;
1;1;low;0,04167;;;;;;;;;;;;Predictive Quality;0,01754;;;;;;;;;;;;;yes;0,02703;;;;;;;;;;;;;;;;;;;;;;;;;;1;1,00000;;;;;;;;;;;;;;;;;;;;Hanno Generic;;;;;;;;
2;1;high;0,04167;;;;;;;;;;;;Predictive Quality;0,01754;;;;;;>86400;0,00629;;;;;;;;;;;;;;;;;;;;;;;;;;;;;;;;;2;;1,00000;;;;;;;;;;;;;;;;;;;;;;;;;;;
3;1;high;0,04167;high;0,03125;;;;;;;;;;Predictive Quality;0,01754;;;;;;1.0:86400;0,00629;;;;;;;;;;;;;;;;yes;0,16667;;;;;;;;;;;;;;;;3;;;;;;1,00000;;;;;;;;;;;;;;;;;;;;;;;
4;1;high;0,04167;high;0,03125;;;;;;;;;;Predictive Quality;0,01754;;;;;;1.0:86400;0,00629;;;;yes;0,02703;;;;;;;;;;;;;;;;;;;;;;;;;;;;4;;;;;;;;;;;;;;;;0,33333;0,33333;0,33333;;;;;;;;;;;
5;1;high;0,04167;medium;0,03125;;;;;;;;;;Predictive Quality;0,01754;;>100;0,01449;;;1.0:86400;0,00629;;;;;;no;0,02703;;;;;[continuous];0,00769;;;;;;;;;;;;;;;;;;;;5;;;;0,50000;0,50000;;;;;;;;;;;;;;;;;;;;;;;;
6;1;high;0,04167;medium;0,03125;;;;;;;;;;Predictive Quality;0,01754;;>100;0,01449;;;1.0:86400;0,00629;;;;;;no;0,02703;;;;;[discrete, ordinal, nominal];0,00769;;;;;;;;;;;;;;;;;;;;6;;;;;;;0,50000;0,50000;;;;;;;;;;;;;;;;;;;;;
7;1;high;0,04167;medium;0,03125;;;;;;;;;;Predictive Quality;0,01754;;<100;0,01449;;;1.0:86400;0,00629;;;;;;no;0,02703;;;;;;;;;;;;;;;;;;;;;;;;;;7;;;;;;;0,50000;0,50000;;;;;;;;;;;;;;;;;;;;;
8;1;high;0,04167;medium;0,03125;;;;;;;;;;Predictive Quality;0,01754;;;;;;1.0:86400;0,00629;;;;;;yes;0,02703;>10;0,00775;;;[discrete, ordinal, nominal];0,00769;;;;;;;;;;;;;;;;;;;;8;;;;;;;0,50000;0,50000;;;;;;;;;;;;;;;;;;;;;
9;1;high;0,04167;medium;0,03125;;;;;;;;;;Predictive Quality;0,01754;;;;;;1.0:86400;0,00629;;;;;;yes;0,02703;1.0:10;0,00775;;;[continuous];0,00769;;;;;;;;;;;;;;;;;;;;9;;;;;;;;;1,00000;;;;;;;;;;;;;;;;;;;;
10;1;high;0,04167;high;0,03125;;;;;;;;;;Predictive Quality;0,01754;;>100;0,01449;;;1.0:86400;0,00629;;;;no;0,02703;no;0,02703;;;;;[continuous];0,00769;;;no;0,16667;;;;;;;;;;;;;;;;10;;;;0,50000;0,50000;;;;;;;;;;;;;;;;;;;;;;;;
11;1;high;0,04167;high;0,03125;;;;;;;;;;Predictive Quality;0,01754;;>100;0,01449;;;1.0:86400;0,00629;;;;no;0,02703;no;0,02703;;;;;[discrete, ordinal, nominal];0,00769;;;no;0,16667;;;;;;;;;;;;;;;;11;;;;;;;0,50000;0,50000;;;;;;;;;;;;;;;;;;;;;
12;1;high;0,04167;high;0,03125;;;;;;;;;;Predictive Quality;0,01754;;<100;0,01449;;;1.0:86400;0,00629;;;;no;0,02703;no;0,02703;;;;;;;;;no;0,16667;;;;;;;;;;;;;;;;12;;;;;;;0,50000;0,50000;;;;;;;;;;;;;;;;;;;;;
13;1;high;0,04167;high;0,03125;;;;;;;;;;Predictive Quality;0,01754;;;;;;1.0:86400;0,00629;;;;no;0,02703;yes;0,02703;>10;0,00775;;;[discrete, ordinal, nominal];0,00769;;;no;0,16667;;;;;;;;;;;;;;;;13;;;;;;;0,50000;0,50000;;;;;;;;;;;;;;;;;;;;;
14;1;high;0,04167;high;0,03125;;;;;;;;;;Predictive Quality;0,01754;;;;;;1.0:86400;0,00629;;;;no;0,02703;yes;0,02703;1.0:10;0,00775;;;[continuous];0,00769;;;no;0,16667;;;;;;;;;;;;;;;;14;;;;;;;;;1,00000;;;;;;;;;;;;;;;;;;;;
15;1;;;;;;;;;;;8;0,00820;;Predictive Quality;0,01754;;<150;0,01449;;;1.0:100;0,00629;;Random Forest;0,00855;yes;0,02703;yes;0,02703;4.0:10;0,00775;no;0,00855;[continuous];0,00769;;;;;;Tabular Data;0,00952;1000.0:100000;0,01136;1.0:4;0,01205;;;Offline;0,00826;Binary Classification;0,00862;Prediction of Part Failure;0,01075;15;1,00000;;;;;;;;;;;;;;;;;;;;Hanno Experiment;;;;;;;;
16;1;;;;;;;;;;;8;0,00820;;Predictive Quality;0,01754;;<150;0,01449;;;100.0:4000;0,00629;;Random Forest;0,00855;yes;0,02703;yes;0,02703;4.0:10;0,00775;no;0,00855;[continuous];0,00769;;;;;;Tabular Data;0,00952;1000.0:100000;0,01136;1.0:4;0,01205;;;Offline;0,00826;Binary Classification;0,00862;Prediction of Part Failure;0,01075;16;;0,05882;0,05882;0,05882;0,05882;0,05882;0,05882;0,05882;0,05882;0,05882;0,05882;0,05882;0,05882;0,05882;0,05882;0,05882;0,05882;0,05882;;;;;;;;;;;
17;1;;;;;;;;;;;1;0,00820;;Predictive Quality;0,01754;;<150;0,01449;;;1.0:100;0,00629;;Random Forest;0,00855;yes;0,02703;yes;0,02703;4.0:10;0,00775;no;0,00855;[continuous];0,00769;;;;;;Tabular Data;0,00952;1000.0:100000;0,01136;1.0:4;0,01205;;;Offline;0,00826;Binary Classification;0,00862;Prediction of Part Failure;0,01075;17;1,00000;;;;;;;;;;;;;;;;;;;;;;;;;;;;
18;1;;;;;;;;;;;1;0,00820;;Predictive Quality;0,01754;;<150;0,01449;;;100.0:4000;0,00629;;Random Forest;0,00855;yes;0,02703;yes;0,02703;4.0:10;0,00775;no;0,00855;[continuous];0,00769;;;;;;Tabular Data;0,00952;1000.0:100000;0,01136;1.0:4;0,01205;;;Offline;0,00826;Binary Classification;0,00862;Prediction of Part Failure;0,01075;18;;0,05882;0,05882;0,05882;0,05882;0,05882;0,05882;0,05882;0,05882;0,05882;0,05882;0,05882;0,05882;0,05882;0,05882;0,05882;0,05882;0,05882;;;;;;;;;;;
19;1;;;;;;;;;;;8;0,00820;;Predictive Quality;0,01754;;<150;0,01449;;;1.0:100;0,00629;;Decision Tree;0,00855;yes;0,02703;yes;0,02703;1.0:3;0,00775;no;0,00855;[continuous];0,00769;;;;;;Tabular Data;0,00952;1000.0:100000;0,01136;1.0:4;0,01205;;;Offline;0,00826;Binary Classification;0,00862;Prediction of Part Failure;0,01075;19;;;;1,00000;;;;;;;;;;;;;;;;;;;;;;;;;
20;1;;;;;;;;;;;1;0,00820;;Predictive Quality;0,01754;;<150;0,01449;;;1.0:100;0,00629;;Decision Tree;0,00855;yes;0,02703;yes;0,02703;1.0:3;0,00775;no;0,00855;[continuous];0,00769;;;;;;Tabular Data;0,00952;1000.0:100000;0,01136;1.0:4;0,01205;;;Offline;0,00826;Binary Classification;0,00862;Prediction of Part Failure;0,01075;20;;;;1,00000;;;;;;;;;;;;;;;;;;;;;;;;;
21;1;;;;;;;;;;;8;0,00820;;Predictive Quality;0,01754;;<150;0,01449;;;1.0:500;0,00629;;Support Vector Machine;0,00855;no;0,02703;yes;0,02703;4.0:10;0,00775;yes;0,00855;[continuous, nominal];0,00769;;;;;;Tabular Data;0,00952;1000.0:100000;0,01136;1.0:4;0,01205;;;Offline;0,00826;Binary Classification;0,00862;Prediction of Part Failure;0,01075;21;;;;;;;;;;;;;;0,50000;;;0,50000;;;;;;;;;;;;
22;1;;;;;;;;;;;8;0,00820;;Predictive Quality;0,01754;;<150;0,01449;;;>500;0,00629;;Support Vector Machine;0,00855;no;0,02703;yes;0,02703;4.0:10;0,00775;yes;0,00855;[continuous, nominal];0,00769;;;;;;Tabular Data;0,00952;1000.0:100000;0,01136;1.0:4;0,01205;;;Offline;0,00826;Binary Classification;0,00862;Prediction of Part Failure;0,01075;22;;0,05882;0,05882;0,05882;0,05882;0,05882;0,05882;0,05882;0,05882;0,05882;0,05882;0,05882;0,05882;0,05882;0,05882;0,05882;0,05882;0,05882;;;;;;;;;;;
23;1;;;;;;;;;;;8;0,00820;;Predictive Quality;0,01754;;<600;0,01449;;;1.0:6000;0,00629;;XGBoost;0,00855;yes;0,02703;yes;0,02703;4.0:10;0,00775;yes;0,00855;[continuous, discrete, nominal];0,00769;;;;;;Tabular Data;0,00952;<1000;0,01136;;;;;Offline;0,00826;Binary Classification;0,00862;Prediction of Part Failure;0,01075;23;;;;;;;;;;;;;;0,50000;;;0,50000;;;;;;;;;;;;
24;1;;;;;;;;;;;8;0,00820;;Predictive Quality;0,01754;;<600;0,01449;;;1.0:7000;0,00629;;Random Forest;0,00855;yes;0,02703;yes;0,02703;4.0:10;0,00775;no;0,00855;[continuous];0,00769;;;;;;Tabular Data;0,00952;<1000;0,01136;;;;;Offline;0,00826;Binary Classification;0,00862;Prediction of Part Failure;0,01075;24;;;;;;;;;;;;;;0,50000;;;0,50000;;;;;;;;;;;;
25;1;;;medium;0,03125;;;;;;;;;;Predictive Maintenance;0,01754;;;;;;;;;;;;;;;;;;;;;;;;;;;;;;;;;;;;;;;;25;;1,00000;;;;;;;;;;;;;;;;;;;Lucas Generic;;;;;;;;
26;1;;;{'medium': 1.0, 'high': 1.0};0,03125;;;;;;;;;;Predictive Maintenance;0,01754;;;;<10;0,02857;;;;;;;;;;;;;;;;;;;;;;;;;;;;;;;;;;;26;;0,50000;;0,25000;0,25000;;;;;;;;;;;;;;;;;;;;;;;;
27;1;;;{'medium': 1.0, 'high': 1.0};0,03125;;;;;;;;;;Predictive Maintenance;0,01754;;;;>100;0,02857;;;;;;;;;;;;;;;;;;;;;;;;;;;;;;;;;;;27;;;;;;;;;;;;;;;;;1,00000;;;;;;;;;;;;
28;1;;;{'medium': 1.0, 'high': 1.0};0,03125;;;;;;;;;;Predictive Maintenance;0,01754;;;;10.0:100;0,02857;;;;;;;;;;;;;;;;;;;;;;;;;;;;;;;;;;;28;;;;0,50000;0,50000;;;;;;;;;;;;;;;;;;;;;;;;
29;1;;;{'medium': 1.0, 'high': 1.0};0,03125;;;;;;;;;;Predictive Maintenance;0,01754;;>200;0,01449;10.0:100;0,02857;;;;;;;;;;;;;;;;;;;;;;;;;;;;;;;;;;;29;;0,50000;;0,25000;0,25000;;;;;;;;;;;;;;;;;;;;;;;;
30;1;;;{'medium': 1.0, 'high': 1.0};0,03125;;;;;;;;;;Predictive Maintenance;0,01754;;<200;0,01449;10.0:100;0,02857;;;;;;;;;;>10;0,00775;yes;0,00855;;;;;;;;;;;;;;;;;;;;;;30;;;;;;;;1,00000;;;;;;;;;;;;;;;;;;;;;
31;1;;;{'medium': 1.0, 'high': 1.0};0,03125;;;;;;;;;;Predictive Maintenance;0,01754;;<200;0,01449;10.0:100;0,02857;;;;;;;;;;>10;0,00775;no;0,00855;;;;;;;;;;;;;;;;;;;;;;31;;;;;;;1,00000;;;;;;;;;;;;;;;;;;;;;;
32;1;;;{'medium': 1.0, 'high': 1.0};0,03125;;;;;;;;;;Predictive Maintenance;0,01754;;<200;0,01449;10.0:100;0,02857;;;;;;;;;;1.0:10;0,00775;;;[continuous];0,00769;;;;;;;;;;;;;;;;;;;;32;;;;;;;;;1,00000;;;;;;;;;;;;;;;;;;;;
33;1;;;{'medium': 1.0, 'high': 1.0};0,03125;;;;;;;;;;Predictive Maintenance;0,01754;;<200;0,01449;10.0:100;0,02857;;;;;;;;;;1.0:10;0,00775;no;0,00855;[continuous, discrete, ordinal, nominal];0,00769;;;;;;;;;;;;;;;;;;;;33;;;;;;;1,00000;;;;;;;;;;;;;;;;;;;;;;
34;1;;;{'medium': 1.0, 'high': 1.0};0,03125;;;;;;;;;;Predictive Maintenance;0,01754;;<200;0,01449;10.0:100;0,02857;;;;;;;;;;1.0:10;0,00775;yes;0,00855;;;;;;;;;;;;;;;;;;;;;;34;;;;;;;;1,00000;;;;;;;;;;;;;;;;;;;;;
35;1;;;;;;;;;;;1;0,00820;;Predictive Maintenance;0,01754;;;;;;1.0:40;0,00629;;Random Forest;;;;;;4.0:10;0,00775;no;0,00855;[discrete, nominal];0,00769;;;;;;Tabular Data;0,00952;1000.0:100000;0,01136;1.0:4;0,01205;;;Offline;;Binary Classification;0,00862;Prediction of Part Failure;;35;1,00000;;;;;;;;;;;;;;;;;;;;Lucas Experiment;;;;;;;;
36;1;;;;;;;;;;;1;0,00820;;Predictive Maintenance;0,01754;;;;;;40.0:700;0,00629;;Random Forest;;;;;;4.0:10;0,00775;no;0,00855;[discrete, nominal];0,00769;;;;;;Tabular Data;0,00952;1000.0:100000;0,01136;1.0:4;0,01205;;;Offline;;Binary Classification;0,00862;Prediction of Part Failure;;36;;0,25000;;;;;0,25000;0,25000;0,25000;;;;;;;;;;;;;;;;;;;;
37;1;;;;;;;;;;;1;0,00820;;Predictive Maintenance;0,01754;;;;;;700.0:2000;0,00629;;Random Forest;;;;;;4.0:10;0,00775;no;0,00855;[discrete, nominal];0,00769;;;;;;Tabular Data;0,00952;1000.0:100000;0,01136;1.0:4;0,01205;;;Offline;;Binary Classification;0,00862;Prediction of Part Failure;;37;;;;;;;1,00000;;;;;;;;;;;;;;;;;;;;;;
38;1;;;;;;;;;;;1;0,00820;;Predictive Maintenance;0,01754;;;;;;1.0:1000;0,00629;;Support Vector Machine;;;;;;4.0:10;0,00775;no;0,00855;[continuous, nominal];0,00769;;;;;;Tabular Data;0,00952;1000.0:100000;0,01136;1.0:4;0,01205;;;Offline;;Binary Classification;0,00862;Prediction of Part Failure;;38;1,00000;;;;;;;;;;;;;;;;;;;;;;;;;;;;
39;1;;;;;;;;;;;1;0,00820;;Predictive Maintenance;0,01754;;;;;;1000.0:10000;0,00629;;Support Vector Machine;;;;;;4.0:10;0,00775;no;0,00855;[continuous, nominal];0,00769;;;;;;Tabular Data;0,00952;1000.0:100000;0,01136;1.0:4;0,01205;;;Offline;;Binary Classification;0,00862;Prediction of Part Failure;;39;;;;;;;;;;;;;;;;;;;;;;;;;;;;;
40;1;;;;;;;;;;;1;0,00820;;Predictive Maintenance;0,01754;;;;;;10000.0:70000;0,00629;;Support Vector Machine;;;;;;4.0:10;0,00775;no;0,00855;[continuous, nominal];0,00769;;;;;;Tabular Data;0,00952;1000.0:100000;0,01136;1.0:4;0,01205;;;Offline;;Binary Classification;0,00862;Prediction of Part Failure;;40;;;;;;;;0,50000;0,50000;;;;;;;;;;;;;;;;;;;;
41;1;;;;;;;;;;;1;0,00820;;Predictive Maintenance;0,01754;;;;;;1.0:50;0,00629;;Multilayer Perceptron;;;;;;4.0:10;0,00775;no;0,00855;[continuous, discrete, nominal];0,00769;;;;;;Tabular Data;0,00952;1000.0:100000;0,01136;1.0:4;0,01205;;;Offline;;Regression;0,00862;Prediction of Remaining Useful Lifetime;;41;1,00000;;;;;;;;;;;;;;;;;;;;;;;;;;;;
42;1;;;;;;;;;;;1;0,00820;;Predictive Maintenance;0,01754;;;;;;50.0:2000;0,00629;;Multilayer Perceptron;;;;;;4.0:10;0,00775;no;0,00855;[continuous, discrete, nominal];0,00769;;;;;;Tabular Data;0,00952;1000.0:100000;0,01136;1.0:4;0,01205;;;Offline;;Regression;0,00862;Prediction of Remaining Useful Lifetime;;42;;0,25000;;;;;0,25000;0,25000;0,25000;;;;;;;;;;;;;;;;;;;;
43;1;;;;;;;;;;;1;0,00820;;Predictive Maintenance;0,01754;;;;;;1.0:100;0,00629;;Support Vector Machine;;;;;;1.0:3;0,00775;no;0,00855;[continuous];0,00769;;;;;;Tabular Data;0,00952;1000.0:100000;0,01136;1.0:4;0,01205;;;Offline;;Regression;0,00862;Prediction of Remaining Useful Lifetime;;43;1,00000;;;;;;;;;;;;;;;;;;;;;;;;;;;;
44;1;;;;;;;;;;;1;0,00820;;Predictive Maintenance;0,01754;;;;;;100.0:10000;0,00629;;Support Vector Machine;;;;;;1.0:3;0,00775;no;0,00855;[continuous];0,00769;;;;;;Tabular Data;0,00952;1000.0:100000;0,01136;1.0:4;0,01205;;;Offline;;Regression;0,00862;Prediction of Remaining Useful Lifetime;;44;;;;;;;;1,00000;;;;;;;;;;;;;;;;;;;;;
45;1;high;0,04167;;;;;;;;;;;;;;;;;;;;;;;;;;;;;;;;;;;;;;;;;;;;;;;;;;;;;45;;;;;;;0,25000;0,25000;0,25000;;;;;;;;0,25000;;;;Flo Generic;;;;;;;;
46;1;;;;;;;;;;;;;;;;;;;;;;;;;;;;;;>10;0,00775;;;;;;;;;;;;;;;;;;;;;;;;46;;;;;;;0,25000;0,25000;;;;;;0,25000;;;0,25000;;;;;;;;;;;;
47;1;;;;;;;;;;;;;;;;;;;;;;;;;;;;;;;;yes;0,00855;[continuous, discrete, ordinal, nominal];0,00769;;;;;;;;;;;;;;;;;;;;47;;0,16667;0,16667;;;;0,16667;0,16667;;;;;;0,16667;;;0,16667;;;;;;;;;;;;
48;1;;;;;;;;;;;;;;;;;;;;;1.0:86400;0,00629;;;;;;;;;;;;;;;;;;;;;;;;;;;;;;;;;48;;0,33333;;;;;;;;;;;;0,33333;;;0,33333;;;;;;;;;;;;
49;1;;;;;;;;;;;1;0,00820;;Process Parameter Prediction;0,01754;;;;;;1.0:200;0,00629;;XGBoost;0,00855;;;;;4.0:10;0,00775;no;0,00855;[continuous, discrete];0,00769;;;;;;Tabular Data;0,00952;>100000;0,01136;1.0:4;0,01205;;;Offline;0,00826;Regression;0,00862;Time Series Prediction;0,01075;49;1,00000;;;;;;;;;;;;;;;;;;;;Flo Experiment;;;;;;;;
50;1;;;;;;;;;;;1;0,00820;;Process Parameter Prediction;0,01754;;;;;;200.0:2000;0,00629;;XGBoost;0,00855;;;;;4.0:10;0,00775;no;0,00855;[continuous, discrete];0,00769;;;;;;Tabular Data;0,00952;>100000;0,01136;1.0:4;0,01205;;;Offline;0,00826;Regression;0,00862;Time Series Prediction;0,01075;50;;0,33333;;;;;0,33333;0,33333;;;;;;;;;;;;;;;;;;;;;
51;1;;;;;;;;;;;1;0,00820;;Process Parameter Prediction;0,01754;;;;;;>2000;0,00629;;XGBoost;0,00855;;;;;4.0:10;0,00775;no;0,00855;[continuous, discrete];0,00769;;;;;;Tabular Data;0,00952;>100000;0,01136;1.0:4;0,01205;;;Offline;0,00826;Regression;0,00862;Time Series Prediction;0,01075;51;;0,05882;0,05882;0,05882;0,05882;0,05882;0,05882;0,05882;0,05882;0,05882;0,05882;0,05882;0,05882;0,05882;0,05882;0,05882;0,05882;0,05882;;all;;;;;;;;;
52;1;;;;;;;;;;;1;0,00820;;Process Parameter Prediction;0,01754;;;;;;1.0:2000;0,00629;;Random Forest;0,00855;;;;;4.0:10;0,00775;no;0,00855;[continuous, nominal];0,00769;;;;;;Tabular Data;0,00952;>100000;0,01136;1.0:4;0,01205;;;Offline;0,00826;Regression;0,00862;Time Series Prediction;0,01075;52;;;;;;;1,00000;;;;;;;;;;;;;;;;;;;;;;
53;1;;;;;;;;;;;1;0,00820;;Process Parameter Prediction;0,01754;;;;;;2000.0:5000;0,00629;;Random Forest;0,00855;;;;;4.0:10;0,00775;no;0,00855;[continuous, nominal];0,00769;;;;;;Tabular Data;0,00952;>100000;0,01136;1.0:4;0,01205;;;Offline;0,00826;Regression;0,00862;Time Series Prediction;0,01075;53;;;;;;;0,33333;0,33333;0,33333;;;;;;;;;;;;;;;;;;;;
54;1;;;;;;;;;;;1;0,00820;;Process Parameter Prediction;0,01754;;;;;;5000.0:10000;0,00629;;Random Forest;0,00855;;;;;4.0:10;0,00775;no;0,00855;[continuous, nominal];0,00769;;;;;;Tabular Data;0,00952;>100000;0,01136;1.0:4;0,01205;;;Offline;0,00826;Regression;0,00862;Time Series Prediction;0,01075;54;;;;;;;1,00000;;;;;;;;;;;;;;;;;;;;;;
55;1;;;;;;;;;;;1;0,00820;;Process Parameter Prediction;0,01754;;;;;;>10000;0,00629;;Random Forest;0,00855;;;;;4.0:10;0,00775;no;0,00855;[continuous, nominal];0,00769;;;;;;Tabular Data;0,00952;>100000;0,01136;1.0:4;0,01205;;;Offline;0,00826;Regression;0,00862;Time Series Prediction;0,01075;55;;0,05882;0,05882;0,05882;0,05882;0,05882;0,05882;0,05882;0,05882;0,05882;0,05882;0,05882;0,05882;0,05882;0,05882;0,05882;0,05882;0,05882;;all;;;;;;;;;
56;1;;;;;;;;;;;1;0,00820;;;;;<2;0,01449;36000;0,02857;1.0:72000;0,00629;;Latent Dirichlet Allocation (HPOlib);0,00855;;;;;1.0:3;0,00775;no;0,00855;[continuous];0,00769;;;;;;Text Data;0,00952;;;;;;;Offline;0,00826;Text;0,00862;Text;0,01075;56;;;;;;;;;1,00000;;;;;;;;;;;;Eggensperger2015;;;;;;;;
57;1;;;;;;;;;;;1;0,00820;;;;;2.0:10;0,01449;36000;0,02857;72000.0:360000;0,00629;;Latent Dirichlet Allocation (HPOlib);0,00855;;;;;1.0:3;0,00775;no;0,00855;[continuous];0,00769;;;;;;Text Data;0,00952;;;;;;;Offline;0,00826;Text;0,00862;Text;0,01075;57;;;;;;;0,50000;;0,50000;;;;;;;;;;;;;;;;;;;;
58;1;;;;;;;;;;;1;0,00820;;;;;>10;0,01449;36000;0,02857;>360000;0,00629;;Latent Dirichlet Allocation (HPOlib);0,00855;;;;;1.0:3;0,00775;no;0,00855;[continuous];0,00769;;;;;;Text Data;0,00952;;;;;;;Offline;0,00826;Text;0,00862;Text;0,01075;58;;0,05882;0,05882;0,05882;0,05882;0,05882;0,05882;0,05882;0,05882;0,05882;0,05882;0,05882;0,05882;0,05882;0,05882;0,05882;0,05882;0,05882;;all;;;;;;;;;
59;1;;;;;;;;;;;1;0,00820;;;;;<2;0,01449;60;0,02857;1.0:120;0,00629;;Logistic Regression;0,00855;;;;;4.0:10;0,00775;no;0,00855;[continuous, discrete];0,00769;;;;;;Image Data;0,00952;1000.0:100000;0,01136;<1;0,01205;;;Offline;0,00826;Multiclass Classification;0,00862;Image Recognition;0,01075;59;;;;;;;0,33333;0,33333;0,33333;;;;;;;;;;;;;;;;;;;;
60;1;;;;;;;;;;;1;0,00820;;;;;2.0:50;0,01449;60;0,02857;120.0:3000;0,00629;;Logistic Regression;0,00855;;;;;4.0:10;0,00775;no;0,00855;[continuous, discrete];0,00769;;;;;;Image Data;0,00952;1000.0:100000;0,01136;<1;0,01205;;;Offline;0,00826;Multiclass Classification;0,00862;Image Recognition;0,01075;60;;;;;;;;;1,00000;;;;;;;;;;;;;;;;;;;;
61;1;;;;;;;;;;;1;0,00820;;;;;>50;0,01449;60;0,02857;>3000;0,00629;;Logistic Regression;0,00855;;;;;4.0:10;0,00775;no;0,00855;[continuous, discrete];0,00769;;;;;;Image Data;0,00952;1000.0:100000;0,01136;<1;0,01205;;;Offline;0,00826;Multiclass Classification;0,00862;Image Recognition;0,01075;61;;0,05882;0,05882;0,05882;0,05882;0,05882;0,05882;0,05882;0,05882;0,05882;0,05882;0,05882;0,05882;0,05882;0,05882;0,05882;0,05882;0,05882;;all;;;;;;;;;
62;1;;;;;;;;;;;1;0,00820;;;;;<10;0,01449;60;0,02857;1.0:600;0,00629;;Logistic Regression;0,00855;;;;;4.0:10;0,00775;no;0,00855;[continuous, discrete];0,00769;;;;;;Image Data;0,00952;1000.0:100000;0,01136;<1;0,01205;;;Offline;0,00826;Multiclass Classification;0,00862;Image Recognition;0,01075;62;;;;;;;0,33333;0,33333;0,33333;;;;;;;;;;;;;;;;;;;;
63;1;;;;;;;;;;;1;0,00820;;;;;10.0:100;0,01449;60;0,02857;600.0:6000;0,00629;;Logistic Regression;0,00855;;;;;4.0:10;0,00775;no;0,00855;[continuous, discrete];0,00769;;;;;;Image Data;0,00952;1000.0:100000;0,01136;<1;0,01205;;;Offline;0,00826;Multiclass Classification;0,00862;Image Recognition;0,01075;63;;;;;;;;;1,00000;;;;;;;;;;;;;;;;;;;;
64;1;;;;;;;;;;;1;0,00820;;;;;>100;0,01449;60;0,02857;>6000;0,00629;;Logistic Regression;0,00855;;;;;4.0:10;0,00775;no;0,00855;[continuous, discrete];0,00769;;;;;;Image Data;0,00952;1000.0:100000;0,01136;<1;0,01205;;;Offline;0,00826;Multiclass Classification;0,00862;Image Recognition;0,01075;64;;0,05882;0,05882;0,05882;0,05882;0,05882;0,05882;0,05882;0,05882;0,05882;0,05882;0,05882;0,05882;0,05882;0,05882;0,05882;0,05882;0,05882;;all;;;;;;;;;
65;1;;;;;;;;;;;2;0,00820;;;;;<2;0,01449;720;0,02857;1.0:2880;0,00629;;Multilayer Perceptron;0,00855;;;;;>10;0,00775;yes;0,00855;[continuous, discrete, nominal];0,00769;;;;;;Image Data;0,00952;1000.0:100000;0,01136;<1;0,01205;;;Offline;0,00826;Multiclass Classification;0,00862;Image Recognition;0,01075;65;;;;;;;1,00000;;;;;;;;;;;;;;;;;;;;;;
66;1;;;;;;;;;;;2;0,00820;;;;;2.0:20;0,01449;720;0,02857;2880.0:28800;0,00629;;Multilayer Perceptron;0,00855;;;;;>10;0,00775;yes;0,00855;[continuous, discrete, nominal];0,00769;;;;;;Image Data;0,00952;1000.0:100000;0,01136;<1;0,01205;;;Offline;0,00826;Multiclass Classification;0,00862;Image Recognition;0,01075;66;;;;;;;0,50000;0,50000;;;;;;;;;;;;;;;;;;;;;
67;1;;;;;;;;;;;2;0,00820;;;;;20.0:200;0,01449;720;0,02857;28800.0:288000;0,00629;;Multilayer Perceptron;0,00855;;;;;>10;0,00775;yes;0,00855;[continuous, discrete, nominal];0,00769;;;;;;Image Data;0,00952;1000.0:100000;0,01136;<1;0,01205;;;Offline;0,00826;Multiclass Classification;0,00862;Image Recognition;0,01075;67;;;;;;;0,33333;0,33333;0,33333;;;;;;;;;;;;;;;;;;;;
68;1;;;;;;;;;;;2;0,00820;;;;;<10;0,01449;720;0,02857;1.0:14400;0,00629;;Multilayer Perceptron;0,00855;;;;;>10;0,00775;yes;0,00855;[continuous, discrete, nominal];0,00769;;;;;;Image Data;0,00952;1000.0:100000;0,01136;<1;0,01205;;;Offline;0,00826;Multiclass Classification;0,00862;Image Recognition;0,01075;68;;;;;;;1,00000;;;;;;;;;;;;;;;;;;;;;;
69;1;;;;;;;;;;;2;0,00820;;;;;10.0:100;0,01449;720;0,02857;14400.0:144000;0,00629;;Multilayer Perceptron;0,00855;;;;;>10;0,00775;yes;0,00855;[continuous, discrete, nominal];0,00769;;;;;;Image Data;0,00952;1000.0:100000;0,01136;<1;0,01205;;;Offline;0,00826;Multiclass Classification;0,00862;Image Recognition;0,01075;69;;;;;;;0,50000;0,50000;;;;;;;;;;;;;;;;;;;;;
70;1;;;;;;;;;;;2;0,00820;;;;;100.0:500;0,01449;720;0,02857;14400.0:720000;0,00629;;Multilayer Perceptron;0,00855;;;;;>10;0,00775;yes;0,00855;[continuous, discrete, nominal];0,00769;;;;;;Image Data;0,00952;1000.0:100000;0,01136;<1;0,01205;;;Offline;0,00826;Multiclass Classification;0,00862;Image Recognition;0,01075;70;;;;;;;1,00000;;;;;;;;;;;;;;;;;;;;;;
71;1;;;;;;;;;;;2;0,00820;;;;;<2;0,01449;720;0,02857;1.0:2880;0,00629;;Multilayer Perceptron;0,00855;;;;;>10;0,00775;yes;0,00855;[continuous, discrete, nominal];0,00769;;;;;;Image Data;0,00952;1000.0:100000;0,01136;<1;0,01205;;;Offline;0,00826;Multiclass Classification;0,00862;Image Recognition;0,01075;71;;;;;;;1,00000;;;;;;;;;;;;;;;;;;;;;;
72;1;;;;;;;;;;;2;0,00820;;;;;2.0:50;0,01449;720;0,02857;2880.0:72000;0,00629;;Multilayer Perceptron;0,00855;;;;;>10;0,00775;yes;0,00855;[continuous, discrete, nominal];0,00769;;;;;;Image Data;0,00952;1000.0:100000;0,01136;<1;0,01205;;;Offline;0,00826;Multiclass Classification;0,00862;Image Recognition;0,01075;72;;;;;;;0,50000;0,50000;;;;;;;;;;;;;;;;;;;;;
73;1;;;;;;;;;;;2;0,00820;;;;;50.0:200;0,01449;720;0,02857;72000.0:288000;0,00629;;Multilayer Perceptron;0,00855;;;;;>10;0,00775;yes;0,00855;[continuous, discrete, nominal];0,00769;;;;;;Image Data;0,00952;1000.0:100000;0,01136;<1;0,01205;;;Offline;0,00826;Multiclass Classification;0,00862;Image Recognition;0,01075;73;;;;;;;0,33333;0,33333;0,33333;;;;;;;;;;;;;;;;;;;;
74;1;;;;;;;;;;;2;0,00820;;;;;<5;0,01449;720;0,02857;1.0:7200;0,00629;;Multilayer Perceptron;0,00855;;;;;>10;0,00775;yes;0,00855;[continuous, discrete, nominal];0,00769;;;;;;Image Data;0,00952;1000.0:100000;0,01136;<1;0,01205;;;Offline;0,00826;Multiclass Classification;0,00862;Image Recognition;0,01075;74;;;;;;;1,00000;;;;;;;;;;;;;;;;;;;;;;
75;1;;;;;;;;;;;2;0,00820;;;;;5.0:50;0,01449;720;0,02857;7200.0:72000;0,00629;;Multilayer Perceptron;0,00855;;;;;>10;0,00775;yes;0,00855;[continuous, discrete, nominal];0,00769;;;;;;Image Data;0,00952;1000.0:100000;0,01136;<1;0,01205;;;Offline;0,00826;Multiclass Classification;0,00862;Image Recognition;0,01075;75;;;;;;;0,50000;0,50000;;;;;;;;;;;;;;;;;;;;;
76;1;;;;;;;;;;;2;0,00820;;;;;50.0:500;0,01449;720;0,02857;72000.0:720000;0,00629;;Multilayer Perceptron;0,00855;;;;;>10;0,00775;yes;0,00855;[continuous, discrete, nominal];0,00769;;;;;;Image Data;0,00952;1000.0:100000;0,01136;<1;0,01205;;;Offline;0,00826;Multiclass Classification;0,00862;Image Recognition;0,01075;76;;;;;;;1,00000;;;;;;;;;;;;;;;;;;;;;;
77;1;;;;;;;;;;;;;;;;;<5;0,01449;;;;;;Deep Neural Net;0,00855;;;;;>10;0,00775;yes;0,00855;[continuous, discrete, nominal];0,00769;;;;;;Image Data;0,00952;1000.0:100000;0,01136;<1;0,01205;;;Offline;0,00826;Multiclass Classification;0,00862;Image Recognition;0,01075;77;;;;;;;;0,50000;0,50000;;;;;;;;;;;;;;;;;;;;
78;1;;;;;;;;;;;;;;;;;2.0:50;0,01449;;;;;;Deep Neural Net;0,00855;;;;;>10;0,00775;yes;0,00855;[continuous, discrete, nominal];0,00769;;;;;;Image Data;0,00952;1000.0:100000;0,01136;<1;0,01205;;;Offline;0,00826;Multiclass Classification;0,00862;Image Recognition;0,01075;78;;;;;;;0,50000;0,50000;;;;;;;;;;;;;;;;;;;;;
79;1;;;;;;;;;;;;;;;;;50.0:200;0,01449;;;;;;Deep Neural Net;0,00855;;;;;>10;0,00775;yes;0,00855;[continuous, discrete, nominal];0,00769;;;;;;Image Data;0,00952;1000.0:100000;0,01136;<1;0,01205;;;Offline;0,00826;Multiclass Classification;0,00862;Image Recognition;0,01075;79;;;;;;;0,33333;0,33333;0,33333;;;;;;;;;;;;;;;;;;;;
80;1;;;;;;;;;;;;;;;;;<10;0,01449;;;;;;Deep Neural Net;0,00855;;;;;>10;0,00775;yes;0,00855;[continuous, discrete, nominal];0,00769;;;;;;Image Data;0,00952;1000.0:100000;0,01136;<1;0,01205;;;Offline;0,00826;Multiclass Classification;0,00862;Image Recognition;0,01075;80;;;;;;;0,33333;0,33333;0,33333;;;;;;;;;;;;;;;;;;;;
81;1;;;;;;;;;;;;;;;;;10.0:200;0,01449;;;;;;Deep Neural Net;0,00855;;;;;>10;0,00775;yes;0,00855;[continuous, discrete, nominal];0,00769;;;;;;Image Data;0,00952;1000.0:100000;0,01136;<1;0,01205;;;Offline;0,00826;Multiclass Classification;0,00862;Image Recognition;0,01075;81;;;;;;;0,50000;0,50000;;;;;;;;;;;;;;;;;;;;;
82;1;;;;;;;;;;;1;0,00820;;;;;;;;;1.0:10;0,00629;;Support Vector Machine;0,00855;;;;;1.0:3;0,00775;no;0,00855;[continuous];0,00769;;;;;;Image Data;0,00952;;;;;;;Offline;0,00826;Multiclass Classification;0,00862;Image Recognition;0,01075;82;;;;;;;;;;;;;;0,33333;;0,33333;0,33333;;;;Falkner2018;;;;;;;;
83;1;;;;;;;;;;;1;0,00820;;;;;;;;;10.0:40;0,00629;;Support Vector Machine;0,00855;;;;;1.0:3;0,00775;no;0,00855;[continuous];0,00769;;;;;;Image Data;0,00952;;;;;;;Offline;0,00826;Multiclass Classification;0,00862;Image Recognition;0,01075;83;;;;;;;;;;;;;;;;1,00000;;;;;;;;;;;;;
84;1;;;;;;;;;;;1;0,00820;;;;;;;;;40.0:100;0,00629;;Support Vector Machine;0,00855;;;;;1.0:3;0,00775;no;0,00855;[continuous];0,00769;;;;;;Image Data;0,00952;;;;;;;Offline;0,00826;Multiclass Classification;0,00862;Image Recognition;0,01075;84;;;;;;;;;;;;;;0,50000;;0,50000;;;;;;;;;;;;;
85;1;;;;;;;;;;;1;0,00820;;;;;;;;;100.0:400;0,00629;;Support Vector Machine;0,00855;;;;;1.0:3;0,00775;no;0,00855;[continuous];0,00769;;;;;;Image Data;0,00952;;;;;;;Offline;0,00826;Multiclass Classification;0,00862;Image Recognition;0,01075;85;;;;;;;;;;;;;;0,33333;;0,33333;0,33333;;;;;;;;;;;;
86;1;;;;;;;;;;;1;0,00820;;;;;;;;;400.0:50000;0,00629;;Support Vector Machine;0,00855;;;;;1.0:3;0,00775;no;0,00855;[continuous];0,00769;;;;;;Image Data;0,00952;;;;;;;Offline;0,00826;Multiclass Classification;0,00862;Image Recognition;0,01075;86;;;;;;;;;;0,25000;;;;0,25000;;0,25000;0,25000;;;;;;;;;;;;
87;1;;;;;;;;;;;1;0,00820;;;;;;;;;50000.0:500000;0,00629;;Support Vector Machine;0,00855;;;;;1.0:3;0,00775;no;0,00855;[continuous];0,00769;;;;;;Image Data;0,00952;;;;;;;Offline;0,00826;Multiclass Classification;0,00862;Image Recognition;0,01075;87;;;;;;;;;0,20000;0,20000;;;;0,20000;;0,20000;0,20000;;;;;;;;;;;;
88;1;;;;;;;;;;;1;0,00820;;;;;;;;;>500000;0,00629;;Support Vector Machine;0,00855;;;;;1.0:3;0,00775;no;0,00855;[continuous];0,00769;;;;;;Image Data;0,00952;;;;;;;Offline;0,00826;Multiclass Classification;0,00862;Image Recognition;0,01075;88;;0,05882;0,05882;0,05882;0,05882;0,05882;0,05882;0,05882;0,05882;0,05882;0,05882;0,05882;0,05882;0,05882;0,05882;0,05882;0,05882;0,05882;;all;;;;;;;;;
89;1;;;;;;;;;;;1;0,00820;;;;;;;;;1.0:4000;0,00629;;Multilayer Perceptron;0,00855;;;;;4.0:10;0,00775;no;0,00855;[continuous, discrete];0,00769;;;;;;Tabular Data;0,00952;;;;;;;Offline;0,00826;Binary Classification;0,00862;;;89;;;;;;;;;;;;;;0,33333;;;0,33333;0,33333;;;;;;;;;;;
90;1;;;;;;;;;;;1;0,00820;;;;;;;;;4000.0:100000;0,00629;;Multilayer Perceptron;0,00855;;;;;4.0:10;0,00775;no;0,00855;[continuous, discrete];0,00769;;;;;;Tabular Data;0,00952;;;;;;;Offline;0,00826;Binary Classification;0,00862;;;90;;;;;;;;;;;;;;;;;1,00000;;;;;;;;;;;;
91;1;;;;;;;;;;;1;0,00820;;;;;;;;;1.0:10000;0,00629;;Multilayer Perceptron;0,00855;;;;;4.0:10;0,00775;no;0,00855;[continuous, discrete];0,00769;;;;;;Tabular Data;0,00952;;;;;;;Offline;0,00826;Binary Classification;0,00862;;;91;;;;;;;;;;;;;;0,33333;;;0,33333;0,33333;;;;;;;;;;;
92;1;;;;;;;;;;;1;0,00820;;;;;;;;;10000.0:100000;0,00629;;Multilayer Perceptron;0,00855;;;;;4.0:10;0,00775;no;0,00855;[continuous, discrete];0,00769;;;;;;Tabular Data;0,00952;;;;;;;Offline;0,00826;Binary Classification;0,00862;;;92;;;;;;;;;;;;;;;;;1,00000;;;;;;;;;;;;
93;1;;;;;;;;;;;1;0,00820;;;;;;;;;1.0:100;0,00629;;Multilayer Perceptron;0,00855;;;;;4.0:10;0,00775;no;0,00855;[continuous, discrete];0,00769;;;;;;Tabular Data;0,00952;1000.0:100000;0,01136;1.0:4;0,01205;;;Offline;0,00826;Multiclass Classification;0,00862;Image Recognition;0,01075;93;;;;;;;;;;;;;;0,33333;;;0,33333;0,33333;;;;;;;;;;;
94;1;;;;;;;;;;;1;0,00820;;;;;;;;;100.0:2000;0,00629;;Multilayer Perceptron;0,00855;;;;;4.0:10;0,00775;no;0,00855;[continuous, discrete];0,00769;;;;;;Tabular Data;0,00952;1000.0:100000;0,01136;1.0:4;0,01205;;;Offline;0,00826;Multiclass Classification;0,00862;Image Recognition;0,01075;94;;;;;;;;;;;;;;;;;1,00000;;;;;;;;;;;;
95;1;;;;;;;;;;;1;0,00820;;;;;;;;;2000.0:20000;0,00629;;Multilayer Perceptron;0,00855;;;;;4.0:10;0,00775;no;0,00855;[continuous, discrete];0,00769;;;;;;Tabular Data;0,00952;1000.0:100000;0,01136;1.0:4;0,01205;;;Offline;0,00826;Multiclass Classification;0,00862;Image Recognition;0,01075;95;;;;;;;;;0,50000;;;;;;;;0,50000;;;;;;;;;;;;
96;1;;;;;;;;;;;1;0,00820;;;;;;;;;20000.0:40000;0,00629;;Multilayer Perceptron;0,00855;;;;;4.0:10;0,00775;no;0,00855;[continuous, discrete];0,00769;;;;;;Tabular Data;0,00952;1000.0:100000;0,01136;1.0:4;0,01205;;;Offline;0,00826;Multiclass Classification;0,00862;Image Recognition;0,01075;96;;;;;;;;0,33333;0,33333;;;;;;;;0,33333;;;;;;;;;;;;
97;1;;;;;;;;;;;1;0,00820;;;;;;;;;1.0:4000;0,00629;;Multilayer Perceptron;0,00855;;;;;4.0:10;0,00775;no;0,00855;[continuous, discrete];0,00769;;;;;;Image Data;0,00952;1000.0:100000;0,01136;>4;0,01205;;;Offline;0,00826;Multiclass Classification;0,00862;Image Recognition;0,01075;97;;;;;;;;;;;;;;0,50000;;;0,50000;;;;;;;;;;;;
98;1;;;;;;;;;;;1;0,00820;;;;;;;;;4000.0:100000;0,00629;;Multilayer Perceptron;0,00855;;;;;4.0:10;0,00775;no;0,00855;[continuous, discrete];0,00769;;;;;;Image Data;0,00952;1000.0:100000;0,01136;>4;0,01205;;;Offline;0,00826;Multiclass Classification;0,00862;Image Recognition;0,01075;98;;;;;;;;0,33333;0,33333;;;;;;;;0,33333;;;;;;;;;;;;
99;1;;;;;;;;;;;1;0,00820;;;;;;;;;1.0:1000;0,00629;;Multilayer Perceptron;0,00855;;;;;4.0:10;0,00775;no;0,00855;[continuous, discrete];0,00769;;;;;;Image Data;0,00952;1000.0:100000;0,01136;1.0:4;0,01205;;;Offline;0,00826;Multiclass Classification;0,00862;Image Recognition;0,01075;99;;;;;;;;;;;;;;0,33333;;;0,33333;0,33333;;;;;;;;;;;
100;1;;;;;;;;;;;1;0,00820;;;;;;;;;1000.0:10000;0,00629;;Multilayer Perceptron;0,00855;;;;;4.0:10;0,00775;no;0,00855;[continuous, discrete];0,00769;;;;;;Image Data;0,00952;1000.0:100000;0,01136;1.0:4;0,01205;;;Offline;0,00826;Multiclass Classification;0,00862;Image Recognition;0,01075;100;;;;;;;;;;;;;;;;;1,00000;;;;;;;;;;;;
101;1;;;;;;;;;;;1;0,00820;;;;;;;;;1.0:1000;0,00629;;Multilayer Perceptron;0,00855;;;;;4.0:10;0,00775;no;0,00855;[continuous, discrete];0,00769;;;;;;Tabular Data;0,00952;;;;;;;Offline;0,00826;Binary Classification;0,00862;;;101;;;;;;;;;;;;;;0,33000;;;0,33000;0,33000;;;;;;;;;;;
102;1;;;;;;;;;;;1;0,00820;;;;;;;;;1000.0:100000;0,00629;;Multilayer Perceptron;0,00855;;;;;4.0:10;0,00775;no;0,00855;[continuous, discrete];0,00769;;;;;;Tabular Data;0,00952;;;;;;;Offline;0,00826;Binary Classification;0,00862;;;102;;;;;;;;;;;;;;;;;1,00000;;;;;;;;;;;;
103;1;;;;;;;;;;;;;;;;;<100;0,01449;;;;;;Support Vector Machine;0,00855;;;;;1.0:3;0,00775;no;0,00855;[continuous];0,00769;;;;;;;;;;;;no;0,05000;Offline;0,00826;Multiclass Classification;0,00862;;;103;;;;;;;;;1,00000;;;;;;;;;;;;Klein2019;;;;;;;;
104;1;;;;;;;;;;;;;;;;;<40;0,01449;;;;;;Support Vector Machine;0,00855;;;;;1.0:3;0,00775;no;0,00855;[continuous];0,00769;;;;;;;;;;;;yes;0,05000;Offline;0,00826;Multiclass Classification;0,00862;;;104;;;;;;;;;1,00000;;;;;;;;;;;;;;;;;;;;
105;1;;;;;;;;;;;;;;;;;40.0:100;0,01449;;;;;;Support Vector Machine;0,00855;;;;;1.0:3;0,00775;no;0,00855;[continuous];0,00769;;;;;;;;;;;;yes;0,05000;Offline;0,00826;Multiclass Classification;0,00862;;;105;;;;;;;;;;;1,00000;;;;;;;;;;;;;;;;;;
106;1;;;;;;;;;;;;;;;;;<50;0,01449;;;;;;Multilayer Perceptron;0,00855;;;;;4.0:10;0,00775;no;0,00855;[continuous, discrete];0,00769;;;;;;;;;;;;no;0,05000;Offline;0,00826;Multiclass Classification;0,00862;;;106;;;;;;;;;;;1,00000;;;;;;;;;;;;;;;;;;
107;1;;;;;;;;;;;;;;;;;50.0:100;0,01449;;;;;;Multilayer Perceptron;0,00855;;;;;4.0:10;0,00775;no;0,00855;[continuous, discrete];0,00769;;;;;;;;;;;;no;0,05000;Offline;0,00826;Multiclass Classification;0,00862;;;107;;;;;;;;;1,00000;;;;;;;;;;;;;;;;;;;;
108;1;;;;;;;;;;;;;;;;;<100;0,01449;;;;;;Multilayer Perceptron;0,00855;;;;;4.0:10;0,00775;no;0,00855;[continuous, discrete];0,00769;;;;;;;;;;;;yes;0,05000;Offline;0,00826;Multiclass Classification;0,00862;;;108;;;;;;;;;;;1,00000;;;;;;;;;;;;;;;;;;
109;1;;;;;;;;;;;;;;;;;<30;0,01449;;;;;;XGBoost;0,00855;;;;;4.0:10;0,00775;no;0,00855;[continuous, discrete];0,00769;;;;;;;;;;;;no;0,05000;Offline;0,00826;Regression;0,00862;;;109;;;;;;;;;;;1,00000;;;;;;;;;;;;;;;;;;
110;1;;;;;;;;;;;;;;;;;30.0:100;0,01449;;;;;;XGBoost;0,00855;;;;;4.0:10;0,00775;no;0,00855;[continuous, discrete];0,00769;;;;;;;;;;;;no;0,05000;Offline;0,00826;Regression;0,00862;;;110;;;;;;;;;1,00000;;;;;;;;;;;;;;;;;;;;
111;1;;;;;;;;;;;;;;;;;<30;0,01449;;;;;;XGBoost;0,00855;;;;;4.0:10;0,00775;no;0,00855;[continuous, discrete];0,00769;;;;;;;;;;;;yes;0,05000;Offline;0,00826;Regression;0,00862;;;111;;;;;;;;;;;1,00000;;;;;;;;;;;;;;;;;;
112;1;;;;;;;;;;;;;;;;;30.0:100;0,01449;;;;;;XGBoost;0,00855;;;;;4.0:10;0,00775;no;0,00855;[continuous, discrete];0,00769;;;;;;;;;;;;yes;0,05000;Offline;0,00826;Regression;0,00862;;;112;;;;;;;;;1,00000;;;;;;;;;;;;;;;;;;;;
113;1;;;;;;;;;;;17;0,00820;;;;;<200;0,01449;1800;0,02857;1.0:360000;0,00629;;Convolutional Neural Net;0,00855;;;;;>10;0,00775;no;0,00855;[continuous, discrete];0,00769;;;;;;Image Data;0,00952;1000.0:100000;0,01136;>4;0,01205;;;Offline;0,00826;Multiclass Classification;0,00862;Image Recognition;0,01075;113;;;;;;;;1,00000;;;;;;;;;;;;;Loshchilov2016;;;;;;;;
114;1;;;;;;;;;;;17;0,00820;;;;;200.0:1000;0,01449;1800;0,02857;360000.0:1800000;0,00629;;Convolutional Neural Net;0,00855;;;;;>10;0,00775;no;0,00855;[continuous, discrete];0,00769;;;;;;Image Data;0,00952;1000.0:100000;0,01136;>4;0,01205;;;Offline;0,00826;Multiclass Classification;0,00862;Image Recognition;0,01075;114;;;;1,00000;;;;;;;;;;;;;;;;;;;;;;;;;
115;1;;;;;;;;;;;;;;;;;<200;0,01449;;;;;;Synthetic Function;0,00855;;;;;1.0:3;0,00775;no;0,00855;[continuous];0,00769;;;;;;;;;;;;;;Offline;0,00826;;;Synthetic Function;0,01075;115;;;;;;;;;0,33333;;0,33333;0,33333;;;;;;;;;Springenberg2016;;;;;;;;
116;1;;;;;;;;;;;;;;;;;<200;0,01449;;;;;;Synthetic Function;0,00855;;;;;4.0:10;0,00775;no;0,00855;[continuous];0,00769;;;;;;;;;;;;;;Offline;0,00826;;;Synthetic Function;0,01075;116;;;;;;;;;0,33333;;0,33333;0,33333;;;;;;;;;;;;;;;;;
117;1;;;;;;;;;;;;;;;;;<100;0,01449;;;;;;Logistic Regression;0,00855;;;;;4.0:10;0,00775;no;0,00855;[continuous];0,00769;;;;;;Image Data;0,00952;1000.0:100000;0,01136;>4;0,01205;;;Offline;0,00826;Multiclass Classification;0,00862;Image Recognition;0,01075;117;;;;;;;;;0,50000;;;0,50000;;;;;;;;;;;;;;;;;
118;1;;;;;;;;;;;;;;;;;<50;0,01449;;;;;;Latent Dirichlet Allocation (HPOlib);0,00855;;;;;1.0:3;0,00775;no;0,00855;[discrete];0,00769;;;;;;Text Data;0,00952;;;;;;;Offline;0,00826;Text;0,00862;;;118;;;;;;;;;0,50000;;;0,50000;;;;;;;;;;;;;;;;;
119;1;;;;;;;;;;;;;;;;;<100;0,01449;;;;;;Support Vector Machine;0,00855;;;;;1.0:3;0,00775;no;0,00855;[discrete];0,00769;;;;;;Tabular Data;0,00952;;;;;;;Offline;0,00826;Multiclass Classification;0,00862;;;119;;;;;;;0,25000;;0,25000;;0,25000;0,25000;;;;;;;;;;;;;;;;;
120;1;;;;;;;;;;;;;;;;;<50;0,01449;;;;;;Support Vector Machine;0,00855;;;;;1.0:3;0,00775;no;0,00855;[discrete];0,00769;;;;;;Tabular Data;0,00952;<1000;0,01136;1.0:4;0,01205;;;Offline;0,00826;Multiclass Classification;0,00862;;;120;;;;;;;;;;0,50000;0,50000;;;;;;;;;;;;;;;;;;
121;1;;;;;;;;;;;;;;;;;>50;0,01449;;;;;;Support Vector Machine;0,00855;;;;;1.0:3;0,00775;no;0,00855;[discrete];0,00769;;;;;;Tabular Data;0,00952;<1000;0,01136;1.0:4;0,01205;;;Offline;0,00826;Multiclass Classification;0,00862;;;121;;0,05882;0,05882;0,05882;0,05882;0,05882;0,05882;0,05882;0,05882;0,05882;0,05882;0,05882;0,05882;0,05882;0,05882;0,05882;0,05882;0,05882;;;;;;;;;;;
122;1;;;;;;;;;;;;;;;;;<50;0,01449;;;;;;Random Forest;0,00855;;;;;4.0:10;0,00775;no;0,00855;[discrete, nominal];0,00769;;;;;;Tabular Data;0,00952;<1000;0,01136;1.0:4;0,01205;;;Offline;0,00826;Binary Classification;0,00862;;;122;;;;;;;;;;0,50000;0,50000;;;;;;;;;;;;;;;;;;
123;1;;;;;;;;;;;;;;;;;>50;0,01449;;;;;;Random Forest;0,00855;;;;;4.0:10;0,00775;no;0,00855;[discrete, nominal];0,00769;;;;;;Tabular Data;0,00952;<1000;0,01136;1.0:4;0,01205;;;Offline;0,00826;Binary Classification;0,00862;;;123;;0,05882;0,05882;0,05882;0,05882;0,05882;0,05882;0,05882;0,05882;0,05882;0,05882;0,05882;0,05882;0,05882;0,05882;0,05882;0,05882;0,05882;;;;;;;;;;;
124;1;;;;;;;;;;;8;0,00820;;;;;;;;;1.0:100000;0,00629;;Convolutional Neural Net;0,00855;;;yes;0,02703;4.0:10;0,00775;no;0,00855;[continuous, discrete, nominal];0,00769;;;;;;Image Data;0,00952;1000.0:100000;0,01136;>4;0,01205;;;Offline;0,00826;Multiclass Classification;0,00862;Image Recognition;0,01075;124;;;;;;;;;;;0,50000;0,50000;;;;;;;;;;;;;;;;;
125;1;;;;;;;;;;;8;0,00820;;;;;;;;;100000.0:250000;0,00629;;Convolutional Neural Net;0,00855;;;yes;0,02703;4.0:10;0,00775;no;0,00855;[continuous, discrete, nominal];0,00769;;;;;;Image Data;0,00952;1000.0:100000;0,01136;>4;0,01205;;;Offline;0,00826;Multiclass Classification;0,00862;Image Recognition;0,01075;125;;;;;;;;;;;1,00000;;;;;;;;;;;;;;;;;;
126;1;;;;;;;;;;;8;0,00820;;;;;;;;;>250000;0,00629;;Convolutional Neural Net;0,00855;;;yes;0,02703;4.0:10;0,00775;no;0,00855;[continuous, discrete, nominal];0,00769;;;;;;Image Data;0,00952;1000.0:100000;0,01136;>4;0,01205;;;Offline;0,00826;Multiclass Classification;0,00862;Image Recognition;0,01075;126;;0,05882;0,05882;0,05882;0,05882;0,05882;0,05882;0,05882;0,05882;0,05882;0,05882;0,05882;0,05882;0,05882;0,05882;0,05882;0,05882;0,05882;;only the ones that are parallelizable!;;;;;;;;;
127;1;;;;;;;;;;;1;0,00820;;;;;;;;;1.0:150000;0,00629;;Convolutional Neural Net;0,00855;;;yes;0,02703;4.0:10;0,00775;no;0,00855;[continuous, discrete];0,00769;;;;;;Image Data;0,00952;1000.0:100000;0,01136;>4;0,01205;;;Offline;0,00826;Multiclass Classification;0,00862;Image Recognition;0,01075;127;;;;;;;;;;;;;0,25000;0,25000;0,25000;;0,25000;;;;Li2018;;;;;;;;
128;1;;;;;;;;;;;1;0,00820;;;;;;;;;>150000;0,00629;;Convolutional Neural Net;0,00855;;;yes;0,02703;4.0:10;0,00775;no;0,00855;[continuous, discrete];0,00769;;;;;;Image Data;0,00952;1000.0:100000;0,01136;>4;0,01205;;;Offline;0,00826;Multiclass Classification;0,00862;Image Recognition;0,01075;128;;;;;;;;;;;;;0,25000;0,25000;0,25000;;0,25000;;;;;;;;;;;;
129;1;;;;;;;;;;;1;0,00820;;;;;;;;;1.0:30000;0,00629;;Convolutional Neural Net;0,00855;;;yes;0,02703;4.0:10;0,00775;no;0,00855;[continuous, discrete];0,00769;;;;;;Image Data;0,00952;1000.0:100000;0,01136;>4;0,01205;;;Offline;0,00826;Multiclass Classification;0,00862;Image Recognition;0,01075;129;;;;;0,25000;;;;;;;;0,25000;0,25000;0,25000;;;;;;;;;;;;;;
130;1;;;;;;;;;;;1;0,00820;;;;;;;;;30000.0:90000;0,00629;;Convolutional Neural Net;0,00855;;;yes;0,02703;4.0:10;0,00775;no;0,00855;[continuous, discrete];0,00769;;;;;;Image Data;0,00952;1000.0:100000;0,01136;>4;0,01205;;;Offline;0,00826;Multiclass Classification;0,00862;Image Recognition;0,01075;130;;;;;0,20000;;;;;;;;0,20000;0,20000;0,20000;;0,20000;;;;;;;;;;;;
131;1;;;;;;;;;;;1;0,00820;;;;;;;;;>90000;0,00629;;Convolutional Neural Net;0,00855;;;yes;0,02703;4.0:10;0,00775;no;0,00855;[continuous, discrete];0,00769;;;;;;Image Data;0,00952;1000.0:100000;0,01136;>4;0,01205;;;Offline;0,00826;Multiclass Classification;0,00862;Image Recognition;0,01075;131;;;;;0,25000;;;;;;;;0,25000;;0,25000;;0,25000;;;;;;;;;;;;
132;1;;;;;;;;;;;25;0,00820;;;;;;;;;1.0:60000;0,00629;;Convolutional Neural Net;0,00855;;;yes;0,02703;4.0:10;0,00775;no;0,00855;[continuous, discrete];0,00769;;;;;;Image Data;0,00952;1000.0:100000;0,01136;>4;0,01205;;;Offline;0,00826;Multiclass Classification;0,00862;Image Recognition;0,01075;132;;;;;1,00000;;;;;;;;;;;;;;;;;;;;;;;;
133;1;;;;;;;;;;;25;0,00820;;;;;;;;;60000.0:90000;0,00629;;Convolutional Neural Net;0,00855;;;yes;0,02703;4.0:10;0,00775;no;0,00855;[continuous, discrete];0,00769;;;;;;Image Data;0,00952;1000.0:100000;0,01136;>4;0,01205;;;Offline;0,00826;Multiclass Classification;0,00862;Image Recognition;0,01075;133;;;;;;;;;;;;;;;1,00000;;;;;;;;;;;;;;
134;1;;;;;;;;;;;25;0,00820;;;;;;;;;>90000;0,00629;;Convolutional Neural Net;0,00855;;;yes;0,02703;4.0:10;0,00775;no;0,00855;[continuous, discrete];0,00769;;;;;;Image Data;0,00952;1000.0:100000;0,01136;>4;0,01205;;;Offline;0,00826;Multiclass Classification;0,00862;Image Recognition;0,01075;134;;;;;;;;;;;;;0,33333;;0,33333;;0,33333;;;;;;;;;;;;
135;1;;;;;;;;;;;25;0,00820;;;;;;;;;1.0:150000;0,00629;;Convolutional Neural Net;0,00855;;;yes;0,02703;4.0:10;0,00775;no;0,00855;[continuous, discrete];0,00769;;;;;;Image Data;0,00952;1000.0:100000;0,01136;>4;0,01205;;;Offline;0,00826;Multiclass Classification;0,00862;Image Recognition;0,01075;135;;;;;0,50000;;;;;;;;;;0,50000;;;;;;;;;;;;;;
136;1;;;;;;;;;;;25;0,00820;;;;;;;;;>150000;0,00629;;Convolutional Neural Net;0,00855;;;yes;0,02703;4.0:10;0,00775;no;0,00855;[continuous, discrete];0,00769;;;;;;Image Data;0,00952;1000.0:100000;0,01136;>4;0,01205;;;Offline;0,00826;Multiclass Classification;0,00862;Image Recognition;0,01075;136;;;;;0,50000;;;;;;;;;;0,50000;;;;;;;;;;;;;;
137;1;;;;;;;;;;;;;;;;;;;;;;;;;;yes;0,02703;;;;;;;;;;;;;;;;;;;;;;;;;;;;137;;;;;;;;;;;;;;;;;1,00000;;;;Hutter2019;;;;;;;;
138;1;;;;;;;;;;;;;;;;;;;;;1.0:86400;0,00629;;;;no;0,02703;;;;;no;0,00855;[continuous];0,00769;;;;;;;;;;;;;;;;;;;;138;;;;;;;;;1,00000;;;;;;;;;;;;;;;;;;;;
139;1;;;;;;;;;;;;;;;;;;;;;;;;;;no;0,02703;;;>10;0,00775;yes;0,00855;;;;;;;;;;;;;;;;;;;;;;139;;;;;;;0,50000;0,50000;;;;;;;;;;;;;;;;;;;;;
140;1;;;;;;;;;;;;;;;;;;;;;>86400;0,00629;;;;yes;0,02703;;;;;;;[continuous];0,00769;;;;;;;;;;;;;;;;;;;;140;;;;1,00000;;;;;;;;;;;;;;;;;;;;;;;;;
141;1;;;;;;;;;;;;;;;;;;;;;.0;0,00629;;;;;;;;;;;;;;;;;;;;;;;;;;;;;;;;;141;1,00000;;;;;;;;;;;;;;;;;;;;KEL;;;;;;;;
142;1;;;;;;;;;;;;;;;;;;;;;.0;0,00629;;;;;;;;;;;;;;;;;;;;;;;;;;;;;;;;;142;1,00000;;;;;;;;;;;;;;;;;;;;;;;;;;;;
143;1;;;;;;;;;;;;;;;;;;;;;.0;0,00629;;;;;;;;;;;;;;;;;;;;;;;;;;;;;;;;;143;1,00000;;;;;;;;;;;;;;;;;;;;;;;;;;;;
144;1;;;;;;;;;;;;;;;;;;;;;.0;0,00629;;;;;;;;;;;;;;;;;;;;;;;;;;;;;;;;;144;1,00000;;;;;;;;;;;;;;;;;;;;;;;;;;;;
145;1;;;;;;;;;;;;;;;;;;;;;.0;0,00629;;;;;;;;;;;;;;;;;;;;;;;;;;;;;;;;;145;1,00000;;;;;;;;;;;;;;;;;;;;;;;;;;;;
146;1;;;;;;;;;;;;;;;;;;;;;.0;0,00629;;;;;;;;;;;;;;;;;;;;;;;;;;;;;;;;;146;1,00000;;;;;;;;;;;;;;;;;;;;;;;;;;;;
147;1;;;;;;;;;;;;;;;;;;;;;.0;0,00629;;;;;;;;;;;;;;;;;;;;;;;;;;;;;;;;;147;1,00000;;;;;;;;;;;;;;;;;;;;;;;;;;;;
148;1;;;;;;;;;;;;;;;;;;;;;1.0:7200;0,00629;;;;;;;;;;;;;;;;;;;;;;;;;;;;;;;;;148;0,20000;;;;;;;;;;;;0,20000;0,20000;0,20000;;0,20000;;;;;;speed very dependent on ML model training time;;;;;;
149;1;;;;;;;;;;;;;;;;;;;;;1.0:7200;;;;;;;;;;;;;;;;;;;;;;;;;;;;;;;;;;149;0,20000;;;;;;;;;;;;0,20000;0,20000;0,20000;;;;;;;;;;;;;;
150;1;;;;;;;;;;;;;;;;;;;;;1.0:7200;0,00629;;;;;;;;;;;;;;;;;;;;;;;;;;;;;;;;;150;0,20000;;;;;;;;;;;;0,20000;0,20000;0,20000;;;;;;;;;;;;;;
151;1;;;;;;;;;;;;;;;;;;;;;1.0:7200;;;;;;;;;;;;;;;;;;;;;;;;;;;;;;;;;;151;0,20000;;;;;;;;;;;;0,20000;0,20000;0,20000;;;;;;;;;;;;;;
152;1;;;;;;;;;;;;;;;;;;;;;1.0:7200;0,00629;;;;;;;;;;;;;;;;;;;;;;;;;;;;;;;;;152;0,20000;;;;;;;;;;;;0,20000;0,20000;0,20000;;;;;;;;;;;;;;
153;1;;;;;;;;;;;;;;;;;;;;;1.0:7200;;;;;;;;;;;;;;;;;;;;;;;;;;;;;;;;;;153;0,20000;;;;;;;;;;;;0,20000;0,20000;0,20000;;;;;;;;;;;;;;
154;1;;;;;;;;;;;;;;;;;;;;;1.0:7200;0,00629;;;;;;;;;;;;;;;;;;;;;;;;;;;;;;;;;154;0,16667;;;;;;;;;;;;0,16667;0,16667;0,16667;0,16667;0,16667;;;;;;speed very dependent on ML model training time, fabolas equally fast as bohb and hb;;;;;;
155;1;;;;;;;;;;;;;;;;;;;;;7200.0:172800;0,00629;;;;;;;;;;;;;;;;;;;;;;;;;;;;;;;;;155;0,08;;;;;0,08;0,08;0,08;;0,08;0,08;0,08;0,08;0,08;0,08;0,08;0,08;0,08;;;;;;;;;;;
156;1;;;;;;;;;;;;;;;;;;;;;7200.0:172800;0,00629;;;;;;;;;;;;;;;;;;;;;;;;;;;;;;;;;156;0,07143;0,07143;;;;0,07143;0,07143;0,07143;;0,07143;0,07143;0,07143;0,07143;0,07143;0,07143;0,07143;0,07143;0,07143;;;;;ML model training time for 1 trial and max trials should also be included.;;;;;;
157;1;;;;;;;;;;;;;;;;;;;;;7200.0:172800;0,00629;;;;;;;;;;;;;;;;;;;;;;;;;;;;;;;;;157;0,07143;0,07143;;;;0,07143;0,07143;0,07143;;0,07143;0,07143;0,07143;0,07143;0,07143;0,07143;0,07143;0,07143;0,07143;;;;;;;;;;;
158;1;;;;;;;;;;;;;;;;;;;;;7200.0:172800;0,00629;;;;;;;;;;;;;;;;;;;;;;;;;;;;;;;;;158;0,07143;0,07143;;;;0,07143;0,07143;0,07143;;0,07143;0,07143;0,07143;0,07143;0,07143;0,07143;0,07143;0,07143;0,07143;;;;;;;;;;;
159;1;;;;;;;;;;;;;;;;;;;;;7200.0:172800;0,00629;;;;;;;;;;;;;;;;;;;;;;;;;;;;;;;;;159;0,07143;0,07143;;;;0,07143;0,07143;0,07143;;0,07143;0,07143;0,07143;0,07143;0,07143;0,07143;0,07143;0,07143;0,07143;;;;;;;;;;;
160;1;;;;;;;;;;;;;;;;;;;;;7200.0:172800;0,00629;;;;;;;;;;;;;;;;;;;;;;;;;;;;;;;;;160;0,07143;0,07143;;;;0,07143;0,07143;0,07143;;0,07143;0,07143;0,07143;0,07143;0,07143;0,07143;0,07143;0,07143;0,07143;;;;;;;;;;;
161;1;;;;;;;;;;;;;;;;;;;;;7200.0:172800;0,00629;;;;;;;;;;;;;;;;;;;;;;;;;;;;;;;;;161;0,07143;0,07143;;;;0,07143;0,07143;0,07143;;0,07143;0,07143;0,07143;0,07143;0,07143;0,07143;0,07143;0,07143;0,07143;;;;;;;;;;;
162;1;;;;;;;;;;;;;;;;;;;;;1.0:172800;0,00629;;;;yes;0,02703;;;;;;;;;;;;;;;;>100000;0,01136;;;;;;;;;;;162;;;;;;;;;;;;;0,16667;0,16667;0,16667;0,16667;0,16667;0,16667;;;;;has to include a time limit! Otherwise multi-fidelity techniques do not make sense;;;;;;
163;1;;;;;;;;;;;;;;;;;;;;;1.0:172800;0,00629;;;;yes;0,02703;;;;;;;;;;;;;;;;;;;;;;;;;;;;163;;;;;;;;;;;;;0,16667;0,16667;0,16667;0,16667;0,16667;0,16667;;;;;;;;;;;
164;1;;;;;;;;;;;;;;;;;;;;;1.0:172801;0,00629;;;;yes;0,02703;;;;;;;;;;;;;;;;;;;;;;;;;;;;164;;;;;;;;;;;;;0,16667;0,16667;0,16667;0,16667;0,16667;0,16667;;;;;;;;;;;
165;1;;;;;;;;;;;;;;;;;;;;;1.0:172802;0,00629;;;;yes;0,02703;;;;;;;;;;;;;;;;;;;;;;;;;;;;165;;;;;;;;;;;;;0,16667;0,16667;0,16667;0,16667;0,16667;0,16667;;;;;;;;;;;
166;1;;;;;;;;;;;;;;;;;;;;;1.0:172803;0,00629;;;;yes;0,02703;;;;;;;;;;;;;;;;;;;;;;;;;;;;166;;;;;;;;;;;;;0,16667;0,16667;0,16667;0,16667;0,16667;0,16667;;;;;;;;;;;
167;1;;;;;;;;;;;;;;;;;;;;;1.0:172804;0,00629;;;;yes;0,02703;;;;;;;;;;;;;;;;;;;;;;;;;;;;167;;;;;;;;;;;;;0,16667;0,16667;0,16667;0,16667;0,16667;0,16667;;;;;;;;;;;
168;1;;;;;;;;;;;;;;;;;;;;;1.0:172805;0,00629;;;;yes;0,02703;;;;;;;;;;;;;;;;;;;;;;;;;;;;168;;;;;;;;;;;;;0,16667;0,16667;0,16667;0,16667;0,16667;0,16667;;;;;;;;;;;
169;1;;;;;yes;0,07143;;;;;;;;;;;;;;;;;;;;;;;;;;;;;;;;;;;;;;;;;;;;;;;;;169;0,33333;0,33333;0,33333;;;;;;;;;;;;;;;;;;;;transparency;;;;;;
170;1;;;;;yes;0,07143;;;;;;;;;;;;;;;;;;;;;;;;;;;;;;;;;;;;;;;;;;;;;;;;;170;0,33333;0,33333;0,33333;;;;;;;;;;;;;;;;;;;;;;;;;;
171;1;;;;;yes;0,07143;;;;;;;;;;;;;;;;;;;;;;;;;;;;;;;;;;;;;;;;;;;;;;;;;171;0,33333;0,33333;0,33333;;;;;;;;;;;;;;;;;;;;;;;;;;
172;1;;;;;yes;0,07143;;;;;;;;;;;;;;;;;;;;;;;;;;;;;;;;;;;;;;;;;;;;;;;;;172;0,33333;0,33333;0,33333;;;;;;;;;;;;;;;;;;;;;;;;;;
173;1;;;;;yes;0,07143;;;;;;;;;;;;;;;;;;;;;;;;;;;;;;;;;;;;;;;;;;;;;;;;;173;0,33333;0,33333;0,33333;;;;;;;;;;;;;;;;;;;;;;;;;;
174;1;;;;;yes;0,07143;;;;;;;;;;;;;;;;;;;;;;;;;;;;;;;;;;;;;;;;;;;;;;;;;174;;0,50000;0,50000;;;;;;;;;;;;;;;;;;;;;;;;;;
175;1;;;;;yes;0,07143;;;;;;;;;;;;;;;;;;;;;;;;;;;;;;;;;;;;;;;;;;;;;;;;;175;0,25000;0,25000;0,25000;;0,25000;;;;;;;;;;;;;;;;;;;;;;;;
176;1;;;;;;;yes;0,07143;;;;;;;;;;;;;;;;;;;;;;;;;;;;;;;;;;;;;;;;;;;;;;;176;0,11111;0,11111;0,11111;0,11111;;;0,11111;0,11111;0,11111;;;;;0,11111;;;0,11111;;;;;;well documented library;;;;;;
177;1;;;;;;;yes;0,07143;;;;;;;;;;;;;;;;;;;;;;;;;;;;;;;;;;;;;;;;;;;;;;;177;0,11111;0,11111;0,11111;0,11111;;;0,11111;0,11111;0,11111;;;;;0,11111;;;0,11111;;;;;;;;;;;;
178;1;;;;;;;yes;0,07143;;;;;;;;;;;;;;;;;;;;;;;;;;;;;;;;;;;;;;;;;;;;;;;178;0,11111;0,11111;0,11111;0,11111;;;0,11111;0,11111;0,11111;;;;;0,11111;;;0,11111;;;;;;;;;;;;
179;1;;;;;;;yes;0,07143;;;;;;;;;;;;;;;;;;;;;;;;;;;;;;;;;;;;;;;;;;;;;;;179;0,11111;0,11111;0,11111;0,11111;;;0,11111;0,11111;0,11111;;;;;0,11111;;;0,11111;;;;;;;;;;;;
180;1;;;;;;;yes;0,07143;;;;;;;;;;;;;;;;;;;;;;;;;;;;;;;;;;;;;;;;;;;;;;;180;0,11111;0,11111;0,11111;0,11111;;;0,11111;0,11111;0,11111;;;;;0,11111;;;0,11111;;;;;;;;;;;;
181;1;;;;;;;yes;0,07143;;;;;;;;;;;;;;;;;;;;;;;;;;;;;;;;;;;;;;;;;;;;;;;181;0,11111;0,11111;0,11111;0,11111;;;0,11111;0,11111;0,11111;;;;;0,11111;;;0,11111;;;;;;;;;;;;
182;1;;;;;;;yes;0,07143;;;;;;;;;;;;;;;;;;;;;;;;;;;;;;;;;;;;;;;;;;;;;;;182;0,11111;0,11111;0,11111;0,11111;;;0,11111;0,11111;0,11111;;;;;0,11111;;;0,11111;;;;;;;;;;;;
183;1;;;;;;;;;;;1;0,00820;;;;;;;;;1.0:172800;0,00629;;;;;;;;;;;;;;;;;;;;;;;;;;;;;;;;;183;0,20000;;;;0,20000;;0,20000;;;;;;;0,20000;;;0,20000;;;;;;<48h on 1 worker?;;;;;;
184;1;;;;;;;;;;;1;0,00820;;;;;;;;;1.0:172800;0,00629;;;;;;;;;;;;;;;;;;;;;;;;;;;;;;;;;184;0,25000;;;;;;0,25000;;;;;;;0,25000;;;0,25000;;;;;;;;;;;;
185;1;;;;;;;;;;;1;0,00820;;;;;;;;;1.0:172800;0,00629;;;;;;;;;;;;;;;;;;;;;;;;;;;;;;;;;185;0,25000;;;;;;0,25000;;;;;;;0,25000;;;0,25000;;;;;;;;;;;;
186;1;;;;;;;;;;;1;0,00820;;;;;;;;;1.0:172800;0,00629;;;;;;;;;;;;;;;;;;;;;;;;;;;;;;;;;186;0,25000;;;;;;0,25000;;;;;;;0,25000;;;0,25000;;;;;;;;;;;;
187;1;;;;;;;;;;;1;0,00820;;;;;;;;;1.0:172800;0,00629;;;;;;;;;;;;;;;;;;;;;;;;;;;;;;;;;187;0,25000;;;;;;0,25000;;;;;;;0,25000;;;0,25000;;;;;;;;;;;;
188;1;;;;;;;;;;;1;0,00820;;;;;;;;;1.0:172800;0,00629;;;;;;;;;;;;;;;;;;;;;;;;;;;;;;;;;188;0,25000;;;;;;0,25000;;;;;;;0,25000;;;0,25000;;;;;;;;;;;;
189;1;;;;;;;;;;;1;0,00820;;;;;;;;;1.0:172800;0,00629;;;;;;;;;;;;;;;;;;;;;;;;;;;;;;;;;189;0,25000;;;;;;0,25000;;;;;;;0,25000;;;0,25000;;;;;;;;;;;;
190;1;;;;;;;;;;;1;0,00820;;;;;;;;;1.0:172800;0,00629;;;;;;;;;;;;;;;;;;;;;;;;;;;;;;;;;190;;;;;0,25000;;0,25000;;;;;;;0,25000;;;0,25000;;;;;;;;;;;;
191;1;;;;;;;;;;;>1;0,00820;;;;;;;;;;;;;;;;;;;;;;;;;;;;;;;;;;;;;;;;;;;191;;0,14286;0,14286;0,14286;0,14286;;;;;;;;0,14286;0,14286;0,14286;;;;;;;;parallel computing;;;;;;
192;1;;;;;;;;;;;>1;0,00820;;;;;;;;;;;;;;;;;;;;;;;;;;;;;;;;;;;;;;;;;;;192;;0,14286;0,14286;0,14286;0,14286;;;;;;;;0,14286;0,14286;0,14286;;;;;;;;;;;;;;
193;1;;;;;;;;;;;>1;0,00820;;;;;;;;;;;;;;;;;;;;;;;;;;;;;;;;;;;;;;;;;;;193;;0,14286;0,14286;0,14286;0,14286;;;;;;;;0,14286;0,14286;0,14286;;;;;;;;;;;;;;
194;1;;;;;;;;;;;>1;0,00820;;;;;;;;;;;;;;;;;;;;;;;;;;;;;;;;;;;;;;;;;;;194;;0,14286;0,14286;0,14286;0,14286;;;;;;;;0,14286;0,14286;0,14286;;;;;;;;;;;;;;
195;1;;;;;;;;;;;>1;0,00820;;;;;;;;;;;;;;;;;;;;;;;;;;;;;;;;;;;;;;;;;;;195;;0,14286;0,14286;0,14286;0,14286;;;;;;;;0,14286;0,14286;0,14286;;;;;;;;;;;;;;
196;1;;;;;;;;;;;>1;0,00820;;;;;;;;;;;;;;;;;;;;;;;;;;;;;;;;;;;;;;;;;;;196;;0,14286;0,14286;0,14286;0,14286;;;;;;;;0,14286;0,14286;0,14286;;;;;;;;;;;;;;
197;1;;;;;;;;;;;>1;0,00820;;;;;;;;;;;;;;;;;;;;;;;;;;;;;;;;;;;;;;;;;;;197;;0,14286;0,14286;0,14286;0,14286;;;;;;;;0,14286;0,14286;0,14286;;;;;;;;;;;;;;
198;1;;;;;;;;;;;>1;0,00820;;;;;;;;;>7200;0,00629;;;;;;;;;;;;;;;;;;;;;;;;;;;;;;;;;198;;;;0,33333;0,33333;;;;;;;;;0,33333;;;;;;;;;Vladimir Samsonov added HB;;;;;;
199;1;;;;;;;;;;;>1;0,00820;;;;;;;;;>7200;0,00629;;;;;;;;;;;;;;;;;;;;;;;;;;;;;;;;;199;;;;0,50000;0,50000;;;;;;;;;;;;;;;;;;parallel computing >2h;;;;;;
200;1;;;;;;;;;;;>1;0,00820;;;;;;;;;>7200;0,00629;;;;;;;;;;;;;;;;;;;;;;;;;;;;;;;;;200;;;;0,50000;0,50000;;;;;;;;;;;;;;;;;;;;;;;;
201;1;;;;;;;;;;;>1;0,00820;;;;;;;;;>7200;0,00629;;;;;;;;;;;;;;;;;;;;;;;;;;;;;;;;;201;;;;0,50000;0,50000;;;;;;;;;;;;;;;;;;;;;;;;
202;1;;;;;;;;;;;>1;0,00820;;;;;;;;;>7200;0,00629;;;;;;;;;;;;;;;;;;;;;;;;;;;;;;;;;202;;;;0,50000;0,50000;;;;;;;;;;;;;;;;;;;;;;;;
203;1;;;;;;;;;;;>1;0,00820;;;;;;;;;>7200;0,00629;;;;;;;;;;;;;;;;;;;;;;;;;;;;;;;;;203;;;;0,50000;0,50000;;;;;;;;;;;;;;;;;;;;;;;;
204;1;;;;;;;;;;;>1;0,00820;;;;;;;;;>7200;0,00629;;;;;;;;;;;;;;;;;;;;;;;;;;;;;;;;;204;;;;0,50000;0,50000;;;;;;;;;;;;;;;;;;;;;;;;
205;1;;;;;;;;;;;>1;0,00820;;;;;;;;;1.0:172800;0,00629;;;;;;;;;;;;;;;;;;;;;;;;;;;;;;;;;205;0,20000;0,20000;;;;;;;;;;;0,20000;0,20000;;;0,20000;;;;;;parallel computing <48h;;;;;;
206;1;;;;;;;;;;;>1;0,00820;;;;;;;;;1.0:172800;0,00629;;;;;;;;;;;;;;;;;;;;;;;;;;;;;;;;;206;;;;;;;;;;;;;0,33333;0,33333;;;0,33333;;;;;;;;;;;;
207;1;;;;;;;;;;;>1;0,00820;;;;;;;;;1.0:172800;0,00629;;;;;;;;;;;;;;;;;;;;;;;;;;;;;;;;;207;;;;;;;;;;;;;0,33333;0,33333;;;0,33333;;;;;;;;;;;;
208;1;;;;;;;;;;;>1;0,00820;;;;;;;;;1.0:172800;0,00629;;;;;;;;;;;;;;;;;;;;;;;;;;;;;;;;;208;;;;;;;;;;;;;0,33333;0,33333;;;0,33333;;;;;;;;;;;;
209;1;;;;;;;;;;;>1;0,00820;;;;;;;;;1.0:172800;0,00629;;;;;;;;;;;;;;;;;;;;;;;;;;;;;;;;;209;;;;;;;;;;;;;0,33333;0,33333;;;0,33333;;;;;;;;;;;;
210;1;;;;;;;;;;;>1;0,00820;;;;;;;;;1.0:172800;0,00629;;;;;;;;;;;;;;;;;;;;;;;;;;;;;;;;;210;;;;;;;;;;;;;0,33333;0,33333;;;0,33333;;;;;;;;;;;;
211;1;;;;;;;;;;;>1;0,00820;;;;;;;;;1.0:172800;0,00629;;;;;;;;;;;;;;;;;;;;;;;;;;;;;;;;;211;;0,25000;;;;;;;;;;;0,25000;0,25000;;;0,25000;;;;;;;;;;;;
212;1;;;;;;;;;;;;;;;;;;;;;;;;;;;;;;1.0:3;0,00775;;;;;;;;;;;;;;;;;;;;;;;;212;;0,50000;0,50000;;;;;;;;;;;;;;;;;;;;1:3 HPs;;;;;;
213;1;;;;;;;;;;;;;;;;;;;;;;;;;;;;;;1.0:3;0,00775;;;;;;;;;;;;;;;;;;;;;;;;213;;0,33333;0,33333;;;;;;0,33333;;;;;;;;;;;;;;;;;;;;
214;1;;;;;;;;;;;;;;;;;;;;;;;;;;;;;;1.0:3;0,00775;;;;;;;;;;;;;;;;;;;;;;;;214;;0,11111;0,11111;0,11111;;;0,11111;0,11111;0,11111;;;;0,11111;0,11111;;;0,11111;;;;;;;;;;;;
215;1;;;;;;;;;;;;;;;;;;;;;;;;;;;;;;4.0:10;0,00775;;;;;;;;;;;;;;;;;;;;;;;;215;;0,16667;;;;;0,16667;0,16667;;;;;0,16667;0,16667;;;0,16667;;;;;;4:10 HPs;;;;;;
216;1;;;;;;;;;;;;;;;;;;;;;;;;;;;;;;4.0:10;0,00775;;;;;;;;;;;;;;;;;;;;;;;;216;;0,14286;0,14286;0,14286;0,14286;;0,14286;0,14286;0,14286;;;;;;;;;;;;;;;;;;;;
217;1;;;;;;;;;;;;;;;;;;;;;;;;;;;;;;4.0:10;0,00775;;;;;;;;;;;;;;;;;;;;;;;;217;;0,50000;;;;;;;;;;;;0,50000;;;;;;;;;;;;;;;
218;1;;;;;;;;;;;;;;;;;;;;;;;;;;;;;;> 10;0,00775;;;;;;;;;;;;;;;;;;;;;;;;218;;0,50000;;;;;;;;;;;;0,50000;;;;;;;;;>10 HPs;;;;;;
219;1;;;;;;;;;;;;;;;;;;;;;;;;;;;;;;> 10;0,00775;;;;;;;;;;;;;;;;;;;;;;;;219;;;;;;;0,50000;0,50000;;;;;;;;;;;;;;;;;;;;;
220;1;;;;;;;;;;;;;;;;;;;;;;;;;;;;;;> 10;0,00775;;;;;;;;;;;;;;;;;;;;;;;;220;;;;;0,33333;;0,33333;0,33333;;;;;;;;;;;;;;;;;;;;;
221;1;;;;;;;;;;;;;;;;;;;;;;;;;;;;;;> 10;0,00775;;;;;;;;;;;;;;;;;;;;;;;;221;;;;0,16667;;;0,16667;0,16667;;;;;0,16667;0,16667;;;0,16667;;;;;;;;;;;;
222;1;;;;;;;;;;;;;;;;;;;;;;;;;;;;;;;;;;[continuous, discrete, ordinal, nominal];0,00769;;;;;;;;;;;;;;;;;;;;222;;0,20000;;0,20000;;;0,20000;;;;;;;0,20000;;;0,20000;;;;;;different HP data types;;;;;;
223;1;;;;;;;;;;;;;;;;;;;;;;;;;;;;;;;;;;[continuous, discrete, ordinal, nominal];0,00769;;;;;;;;;;;;;;;;;;;;223;;;;;;;;;;;;;;;;;1,00000;;;;;;;;;;;;
224;1;;;;;;;;;;;;;;;;;;;;;;;;;;;;;;;;;;[continuous, discrete, ordinal, nominal];0,00769;;;;;;;;;;;;;;;;;;;;224;;0,33333;0,33333;;;;;;;;;;;0,33333;;;;;;;;;;;;;;;
225;1;;;;;;;;;;;;;;;;;;;;;;;;;;;;;;;;;;;;;;;;;;;;;;;;;Online;0,00826;;;;;225;0,20000;;;;;;;;;;;;0,20000;0,20000;0,20000;;0,20000;;;;;;online models should be trained fast ;;;;;;
226;1;;;;;;;;;;;;;;;;;;;;;;;;;;;;;;;;;;;;;;;;;;;;;;;;;Online;0,00826;;;;;226;0,20000;;;;;;;;;;;;0,20000;0,20000;0,20000;;0,20000;;;;;;;;;;;;
227;1;;;;;;;;;;;;;;;;;;;;;;;;;;;;;;;;;;;;;;;;;;;;;;;;;Online;0,00826;;;;;227;0,20000;;;;;;;;;;;;0,20000;0,20000;0,20000;;0,20000;;;;;;;;;;;;
228;1;;;;;;;;;;;;;;;;;;;;;;;;;;;;;;;;;;;;;;;;;;;;;;;;;Online;0,00826;;;;;228;0,20000;;;;;;;;;;;;0,20000;0,20000;0,20000;;0,20000;;;;;;;;;;;;
229;1;;;;;;;;;;;;;;;;;;;;;;;;;;;;;;;;;;;;;;;;;;;;;;;;;Online;0,00826;;;;;229;0,20000;;;;;;;;;;;;0,20000;0,20000;0,20000;;0,20000;;;;;;;;;;;;
230;1;;;;;;;;;;;;;;;;;;;;;;;;;;;;;;;;;;;;;;;;;;;;;;;;;Online;0,00826;;;;;230;0,20000;;;;;;;;;;;;0,20000;0,20000;0,20000;;0,20000;;;;;;;;;;;;
231;1;medium;0,04167;medium;0,03125;;;;;;;1;0,00820;;;;;;;;;1.0:86400;0,00629;;Convolutional Neural Net;0,00855;no;0,02703;;;;;;;;;;;;;;Image Data;0,00952;>50000;0,01136;;;yes;0,05000;;;Multiclass Classification;0,00862;Image Recognition;0,01075;231;0,50000;0,25000;0,25000;;;;;;;;;;;;;;;;;;KEL new rules;;Andres Posada;;;;;;
232;1;high;0,04167;high;0,03125;;;;;Linux;0,14286;>1;0,00820;;;;;;;;;>1296000;0,00629;;Convolutional Neural Net;0,00855;no;0,02703;;;;;;;;;;;;;;Image Data;0,00952;>100000;0,01136;;;yes;0,05000;;;Object Detection;0,00862;Object Detection;0,01075;232;0,20000;;0,40000;0,40000;;;;;;;;;;;;;;;;;;;;;;;;;
233;1;high;0,04167;low;0,03125;;;;;;;>1;0,00820;;;;;;;;;>1296000;0,00629;;Convolutional Neural Net;0,00855;no;0,02703;;;;;;;;;;;;;;Image Data;0,00952;;;;;yes;0,05000;;;Multiclass Classification;0,00862;Image Recognition;0,01075;233;0,20000;;;0,10000;0,10000;;;;;;;;;;0,40000;;0,20000;;;;;;;;;;;;
234;1;high;0,04167;medium;0,03125;no;0,07143;yes;0,07143;Windows;0,14286;1;0,00820;;Process Parameter Prediction;0,01754;;;;>200;0,02857;>172800;0,00629;;LSTM;0,00855;no;0,02703;;;;;;;[continuous, discrete, ordinal, nominal];0,00769;;;;;;Tabular Data ;0,00952;>1000000;0,01136;1.0:4;0,01205;yes;0,05000;Offline;0,00826;Regression;0,00862;Time Series Prediction;0,01075;234;0,12500;0,12500;;;;;0,12500;0,12500;0,12500;;;;0,12500;0,12500;;;0,12500;;;;;;Maik Frye;;;;;;
235;1;medium;0,04167;medium;0,03125;no;0,07143;yes;0,07143;Windows;0,14286;1;0,00820;;Predictive Quality;0,01754;;;;;;7200.0:172800;0,00629;;Random Forest;0,00855;yes;0,02703;yes;0,02703;;;;;[continuous, discrete, ordinal, nominal];0,00769;;;;;;Tabular Data ;0,00952;1000.0:10000;0,01136;1.0:4;0,01205;no;0,05000;Offline;0,00826;Binary Classification;0,00862;Time Series Prediction;0,01075;235;0,20000;;;;;;0,20000;;0,20000;;;;;0,20000;;;0,20000;;;;;;;;;;;;
236;1;medium;0,04167;medium;0,03125;no;0,07143;yes;0,07143;Windows;0,14286;1;0,00820;;Predictive Maintenance;0,01754;;;;;;>172800;0,00629;;Random Forest;0,00855;no;0,02703;yes;0,02703;;;;;[continuous, discrete, ordinal, nominal];0,00769;;;;;;Tabular Data ;0,00952;>1000000;0,01136;1.0:4;0,01205;yes;0,05000;Offline;0,00826;Multiclass Classification;0,00862;;;236;0,14286;;;;;;0,14286;0,14286;0,14286;;;;0,14286;0,14286;;;0,14286;;;;;;;;;;;;
237;1;high;0,04167;medium;0,03125;no;0,07143;yes;0,07143;Linux;0,14286;>1;0,00820;;Predictive Quality;0,01754;;;;;;7200.0:172800;0,00629;;XGBoost;0,00855;no;0,02703;;;;;;;[continuous, discrete, ordinal, nominal];0,00769;;;;;;Tabular Data ;0,00952;>1000000;0,01136;>4;0,01205;yes;0,05000;Offline;0,00826;Multiclass Classification;0,00862;;;237;0,25000;;;;;;;;0,25000;;;;;0,25000;;;0,25000;;;;;;;;;;;;
238;1;high;0,04167;medium;0,03125;no;0,07143;no;0,07143;Windows;0,14286;1;0,00820;;Process Design;0,01754;;;;>200;0,02857;7200.0:172800;0,00629;;Random Forest;0,00855;yes;0,02703;yes;0,02703;;;;;[continuous, discrete, ordinal, nominal];0,00769;;;;;;Tabular Data ;0,00952;1000.0:10000;0,01136;1.0:4;0,01205;yes;0,05000;Offline;0,00826;Binary Classification;0,00862;;;238;0,33333;0,33333;;;;;;;0,33333;;;;;;;;;;;;;;;;;;;;
239;1;high;0,04167;high;0,03125;no;0,07143;yes;0,07143;Linux;0,14286;>1;0,00820;;Process Parameter Prediction;0,01754;;;;>200;0,02857;>172800;0,00629;;Gradient Boosting Machine;0,00855;no;0,02703;;;;;yes;0,00855;[continuous, discrete, ordinal, nominal];0,00769;;;;;;Tabular Data ;0,00952;>1000000;0,01136;1.0:4;0,01205;yes;0,05000;Offline;0,00826;Regression;0,00862;Time Series Prediction;0,01075;239;0,14286;;;;;;0,14286;0,14286;0,14286;;;;0,14286;0,14286;;;0,14286;;;;;;;;;;;;
240;1;;;;;;;;;;;;;;;;;;;;;;;;;;yes;0,02703;;;;;;;;;;;;;;;;>100000;0,01136;1.0:4;0,01205;yes;0,05000;Offline;0,00826;Regression;0,00862;Time Series Prediction;0,01075;240;0,12500;0,12500;;;;;0,12500;0,12500;0,12500;;;;0,12500;0,12500;;;0,12500;;;;;;;;;;;;
241;1;;;;;;;;;;;;;;;;;;;;;;;;;;;;;;;;;;;;yes;1,00000;;;;;;;;;;;;;;;;;;241;;;;0,14286;;;0,14286;0,14286;0,14286;;0,14286;;;0,14286;;;0,14286;;;;;;Maximilian Mutz;;;;;;
242;1;;;low;0,03125;;;;;;;;;;;;;;;;;;;;;;;;;;;;;;;;;;;;;;;;;;;;;;;;;;;242;1,00000;;;;;;;;;;;;;;;;;;;;;;PN;;;;;;
243;1000;;;;;;;;;;;;;;;;;;;;;;;;;;;;;;;;yes;0,00855;;;;;;;;;;;;;;;;;;;;;;243;1;1;1;1;1;1;1;1;0;1;1;1;1;1;1;1;1;1;;;Knock-out Rules;;conditionality;;;;;;
244;1000;;;;;must;0,07143;;;;;;;;;;;;;;;;;;;;;;;;;;;;;;;;;;;;;;;;;;;;;;;;;244;1;1;1;0;0;0;0;0;0;0;0;0;0;0;0;0;0;0;;;;;transparency;;;;;;
245;1000;;;;;;;must;0,07143;;;;;;;;;;;;;;;;;;;;;;;;;;;;;;;;;;;;;;;;;;;;;;;245;1;1;1;1;0;0;1;1;1;0;0;0;0;1;0;0;1;0;;;;;well documented library;;;;;;
;;;;;;;;;;;;;;;;;;;;;;;;;;;;;;;;;;;;;;;;;;;;;;;;;;;;;;;;;;;;;;;;;;;;;;;;;;;;;;;;;;;;;
;;;;;;;;;;;;;;;;;;;;;;;;;;;;;;;;;;;;;;;;;;;;;;;;;;;;;;;;;;;;;;;;;;;;;;;;;;;;;;;;;;;;;
;;;;;;;;;;;;;;;;;;;;;;;;;;;;;;;;;;;;;;;;;;;;;;;;;;;;;;;;;;;;;;;;;;;;;;;;;;;;;;;;;;;;;
;;;;;;;;;;;;;;;;;;;;;;;;;;;;;;;;;;;;;;;;;;;;;;;;;;;;;;;;;;;;;;;;;;;;;;;;;;;;;;;;;;;;;
;;;;;;;;;;;;;;;;;;;;;;;;;;;;;;;;;;;;;;;;;;;;;;;;;;;;;;;;;;;;;;;;;;;;;;;;;;;;;;;;;;;;;
;;;;;;;;;;;;;;;;;;;;;;;;;;;;;;;;;;;;;;;;;;;;;;;;;;;;;;;;;;;;;;;;;;;;;;;;;;;;;;;;;;;;;
;;;;;;;;;;;;;;;;;;;;;;;;;;;;;;;;;;;;;;;;;;;;;;;;;;;;;;;;;;;;;;;;;;;;;;;;;;;;;;;;;;;;;
;;;;;;;;;;;;;;;;;;;;;;;;;;;;;;;;;;;;;;;;;;;;;;;;;;;;;;;;;;;;;;;;;;;;;;;;;;;;;;;;;;;;;
;;;;;;;;;;;;;;;;;;;;;;;;;;;;;;;;;;;;;;;;;;;;;;;;;;;;;;;;;;;;;;;;;;;;;;;;;;;;;;;;;;;;;
;;;;;;;;;;;;;;;;;;;;;;;;;;;;;;;;;;;;;;;;;;;;;;;;;;;;;;;;;;;;;;;;;;;;;;;;;;;;;;;;;;;;;
;;;;;;;;;;;;;;;;;;;;;;;;;;;;;;;;;;;;;;;;;;;;;;;;;;;;;;;;;;;;;;;;;;;;;;;;;;;;;;;;;;;;;
;;;;;;;;;;;;;;;;;;;;;;;;;;;;;;;;;;;;;;;;;;;;;;;;;;;;;;;;;;;;;;;;;;;;;;;;;;;;;;;;;;;;;
;;;;;;;;;;;;;;;;;;;;;;;;;;;;;;;;;;;;;;;;;;;;;;;;;;;;;;;;;;;;;;;;;;;;;;;;;;;;;;;;;;;;;
;;;;;;;;;;;;;;;;;;;;;;;;;;;;;;;;;;;;;;;;;;;;;;;;;;;;;;;;;;;;;;;;;;;;;;;;;;;;;;;;;;;;;
;;;;;;;;;;;;;;;;;;;;;;;;;;;;;;;;;;;;;;;;;;;;;;;;;;;;;;;;;;;;;;;;;;;;;;;;;;;;;;;;;;;;;
;;;;;;;;;;;;;;;;;;;;;;;;;;;;;;;;;;;;;;;;;;;;;;;;;;;;;;;;;;;;;;;;;;;;;;;;;;;;;;;;;;;;;
;;;;;;;;;;;;;;;;;;;;;;;;;;;;;;;;;;;;;;;;;;;;;;;;;;;;;;;;;;;;;;;;;;;;;;;;;;;;;;;;;;;;;
;;;;;;;;;;;;;;;;;;;;;;;;;;;;;;;;;;;;;;;;;;;;;;;;;;;;;;;;;;;;;;;;;;;;;;;;;;;;;;;;;;;;;
;;;;;;;;;;;;;;;;;;;;;;;;;;;;;;;;;;;;;;;;;;;;;;;;;;;;;;;;;;;;;;;;;;;;;;;;;;;;;;;;;;;;;
;;;;;;;;;;;;;;;;;;;;;;;;;;;;;;;;;;;;;;;;;;;;;;;;;;;;;;;;;;;;;;;;;;;;;;;;;;;;;;;;;;;;;
;;;;;;;;;;;;;;;;;;;;;;;;;;;;;;;;;;;;;;;;;;;;;;;;;;;;;;;;;;;;;;;;;;;;;;;;;;;;;;;;;;;;;
;;;;;;;;;;;;;;;;;;;;;;;;;;;;;;;;;;;;;;;;;;;;;;;;;;;;;;;;;;;;;;;;;;;;;;;;;;;;;;;;;;;;;
;;;;;;;;;;;;;;;;;;;;;;;;;;;;;;;;;;;;;;;;;;;;;;;;;;;;;;;;;;;;;;;;;;;;;;;;;;;;;;;;;;;;;
;;;;;;;;;;;;;;;;;;;;;;;;;;;;;;;;;;;;;;;;;;;;;;;;;;;;;;;;;;;;;;;;;;;;;;;;;;;;;;;;;;;;;
;;;;;;;;;;;;;;;;;;;;;;;;;;;;;;;;;;;;;;;;;;;;;;;;;;;;;;;;;;;;;;;;;;;;;;;;;;;;;;;;;;;;;
;;;;;;;;;;;;;;;;;;;;;;;;;;;;;;;;;;;;;;;;;;;;;;;;;;;;;;;;;;;;;;;;;;;;;;;;;;;;;;;;;;;;;
;;;;;;;;;;;;;;;;;;;;;;;;;;;;;;;;;;;;;;;;;;;;;;;;;;;;;;;;;;;;;;;;;;;;;;;;;;;;;;;;;;;;;
;;;;;;;;;;;;;;;;;;;;;;;;;;;;;;;;;;;;;;;;;;;;;;;;;;;;;;;;;;;;;;;;;;;;;;;;;;;;;;;;;;;;;
;;;;;;;;;;;;;;;;;;;;;;;;;;;;;;;;;;;;;;;;;;;;;;;;;;;;;;;;;;;;;;;;;;;;;;;;;;;;;;;;;;;;;
;;;;;;;;;;;;;;;;;;;;;;;;;;;;;;;;;;;;;;;;;;;;;;;;;;;;;;;;;;;;;;;;;;;;;;;;;;;;;;;;;;;;;
;;;;;;;;;;;;;;;;;;;;;;;;;;;;;;;;;;;;;;;;;;;;;;;;;;;;;;;;;;;;;;;;;;;;;;;;;;;;;;;;;;;;;
;;;;;;;;;;;;;;;;;;;;;;;;;;;;;;;;;;;;;;;;;;;;;;;;;;;;;;;;;;;;;;;;;;;;;;;;;;;;;;;;;;;;;
;;;;;;;;;;;;;;;;;;;;;;;;;;;;;;;;;;;;;;;;;;;;;;;;;;;;;;;;;;;;;;;;;;;;;;;;;;;;;;;;;;;;;
;;;;;;;;;;;;;;;;;;;;;;;;;;;;;;;;;;;;;;;;;;;;;;;;;;;;;;;;;;;;;;;;;;;;;;;;;;;;;;;;;;;;;
;;;;;;;;;;;;;;;;;;;;;;;;;;;;;;;;;;;;;;;;;;;;;;;;;;;;;;;;;;;;;;;;;;;;;;;;;;;;;;;;;;;;;
;;;;;;;;;;;;;;;;;;;;;;;;;;;;;;;;;;;;;;;;;;;;;;;;;;;;;;;;;;;;;;;;;;;;;;;;;;;;;;;;;;;;;